issue_key,summary,description,labels,impacted_area,issuetype,status,created,updated
KAFKA-21152,LogCompactionTester should read until the end offsets instead of stopping at an empty poll,"h3. What happened

{{LogCompactionTest.test_log_compaction}} is flaky. In the 4.4.0-rc1 system test run (zstd level 10, ISOLATED_KRAFT), the tester read only 7498 of about 191k rows and the validation failed. The same case passed 5 out of 5 times on rerun. The trimmed logs are attached.

The cause is in the tester, not in the broker or the consumer. {{LogCompactionTester.consumeMessages()}} ({{tools/src/main/java/org/apache/kafka/tools/LogCompactionTester.java}}) stops at the first empty {{poll()}}:

{code:java}
while (true) {
    ConsumerRecords<String, String> consumerRecords = consumer.poll(Duration.ofSeconds(20));
    if (consumerRecords.isEmpty()) return consumedFilePath;
    ...
}
{code}

Since KAFKA-12980 (3.2.0), {{poll()}} can return no records even when more data remains. So {{consumeMessages()}} sometimes stops early, the consumed file is incomplete, and {{validateOutput()}} fails. This is not a 4.4 regression: the consumer behavior exists since 3.2.0, and the tester code is even older.

h3. Details

Why {{poll()}} returns no records: after compaction, a batch keeps its {{lastOffset}} even when its last records are removed. If one {{poll()}} returns exactly {{max.poll.records}} records and the last one is the last retained record of a fetch, the next {{poll()}} only moves the position to {{lastOffset + 1}} and returns right away with no records. In the failed run, the tester stopped at a batch with {{lastOffset}} 649433 whose last retained record is 649426. The consumer behavior is expected (KAFKA-14865 tracks it). This ticket only fixes the tester.

Simple repro (offsets 5..9 compacted away; {{fetch.max.bytes=1}} for one batch per fetch, {{max.poll.records=5}}):

{noformat}
poll#1 count=5 position=5  endOffset=16   (offsets 0..4)
poll#2 count=0 position=10 endOffset=16   (skips removed offsets 5..9: empty, but not at the end)
poll#3 count=5 position=15 endOffset=16   (offsets 10..14)
{noformat}

Fix: in {{consumeMessages()}}, get the end offsets before consuming, and poll until the position of every partition reaches its end offset. Give up only when a poll returns no records and moves no position.",flaky-test,system tests|tools,Bug,Open,2026-09-24T02:41:20.000+0000,2026-09-24T08:25:11.000+0000
KAFKA-21122,ByteBuffer serialize method for Serializer,"The consumer read path avoids a per-record copy for the record value. KIP-863 added a ByteBuffer method to Deserializer so that CompletedFetch#parseRecord can hand the deserializer the record value straight from the fetch buffer:

 
{code:java}
default T deserialize(String topic, Headers headers, ByteBuffer data) { ... } {code}
 

The default falls back to the {{byte[]}} method, so existing deserializers are unaffected, and {{ByteBufferDeserializer}} overrides it to skip the copy.

The producer has no matching method. {{Serializer}} only returns {{{}byte[]{}}}:
{code:java}
byte[] serialize(String topic, Headers headers, T data);{code}
So a producer whose record value is already in a ByteBuffer has to copy it into a byte[] for every record. This is the case for a caller that holds data off the Java heap or in a reused buffer, for example a Netty ByteBuf exposed through nioBuffer(), or a service that forwards a payload it does not read.

We should consider adding the missing method so the write side matches the read side that KIP-863 already added.",kip,clients|producer ,Improvement,Open,2026-09-17T19:28:26.000+0000,2026-09-17T19:30:14.000+0000
KAFKA-21098,RemoteDeleteLagSegments/RemoteDeleteLagBytes report a phantom lag that never drains after a leader→follower transition,"h2. Summary

On a tiered-storage broker, the per-topic {{RemoteDeleteLagSegments}} (and its byte twin {{{}RemoteDeleteLagBytes{}}}) gauge can get latched at a non-zero value that never drains back to 0, even though remote deletion is healthy and there is no orphaned segment in remote storage. The phantom value appears when a partition leader moves to another broker (any leadership change — planned reassignment, preferred-leader election, or a rebalance) while an expiration pass for that partition is still in flight on the old leader. It is purely a metrics artifact: there is no real backlog and no data loss. Frequent leadership movement makes the broker/cluster aggregate step up over time as each affected partition contributes a stuck residual.
h2. Affects

Any tiered-storage-enabled topic in 3.9.0 through trunk (reproduced on 4.2.1). The likelihood scales with leadership-change frequency: clusters that reassign or rebalance leadership often (e.g. automated balancers, rolling restarts, or under-provisioned brokers where leadership shifts a lot) accumulate more stuck residuals.
h2. Root cause

The copy path was hardened for this exact race (KAFKA-16948: reset lag metrics on becoming follower, and guard {{recordLagStats}} with {{{}!isCancelled(){}}}), but the delete path was never given the equivalent treatment. Two gaps combine:

(1) *No cancellation guard on the emit.* {{RLMExpirationTask.updateRemoteDeleteLagWith(...)}} writes {{{}RemoteDeleteLagSegments{}}}/{{{}RemoteDeleteLagBytes{}}} unconditionally. There is no {{if (!isCancelled())}} check — unlike the copy path's {{{}recordLagStats{}}}, which already skips emitting for a cancelled task.

(2) *The removal and the in-flight emit race.* On a leader→follower transition {{onLeadershipChange}} runs {{doHandleFollowerPartition}} (which cancels the {{{}RLMExpirationTask{}}}) and then {{removeRemoteTopicPartitionMetrics}} (which removes the delete-lag gauges). But an expiration-pool thread that is already mid-{{{}cleanupExpiredRemoteLogSegments{}}} for that partition can call {{updateRemoteDeleteLagWith(n, bytes)}} *after* the gauge has been removed, re-registering it at a non-zero value.

Because the same pass then reaches {{{}deleteRemoteLogSegment(..., ignored -> !isCancelled()){}}}, which returns {{false}} for the now-cancelled task, the segment is *not* deleted by this old leader and the counter is never decremented back down. The gauge is therefore pinned at the re-registered value until the same broker re-leads that partition and completes a fresh expiration pass, the partition is stopped, or the broker restarts.

Note the underlying segment is *not* orphaned: the new leader independently re-evaluates retention and deletes it. So the only symptom is a stuck metric / false-positive alert.

h2. Worked example

Config: a tiered-storage topic ({{remote.storage.enable=true}}) with short retention so expiration runs continuously, and a setup where leadership for one of its partitions moves off broker A to broker B mid-pass.

*Phase A — steady state on broker A (leader):* each expiration cycle sets {{RemoteDeleteLagSegments}} to the batch of retention-breached segments at pass start, then decrements to 0 as each segment is deleted. Healthy sawtooth, floor = 0.

*Phase B — leadership moves off broker A mid-pass:*
|| Step || Thread || Action || Delete-lag gauge on A ||
| 1 | expiration pool | pass starts, finds 1 breached segment, {{updateRemoteDeleteLagWith(1, sz)}} | 1 |
| 2 | leadership handler | {{onLeadershipChange}} → cancel {{RLMExpirationTask}} for the partition | 1 |
| 3 | leadership handler | {{removeRemoteTopicPartitionMetrics}} removes the gauge | (removed) |
| 4 | expiration pool | still in the same pass, {{updateRemoteDeleteLagWith(1, sz)}} runs again | 1 (re-registered) |
| 5 | expiration pool | {{deleteRemoteLogSegment(..., ignored -> !isCancelled())}} returns false → no delete, no decrement | 1 (stuck) |

The gauge on broker A now stays at 1 forever. Under frequent leadership churn the broker/cluster aggregate steps up monotonically as each quiet partition contributes its stuck 1.

h2. Steps to reproduce

# Enable tiered storage on a topic with short retention so the expiration task deletes segments regularly.
# Drive enough produce traffic that segments roll and become retention-breached.
# Repeatedly move leadership of the partition to another broker while expiration is active (reassignment / preferred-leader election / rebalance).
# Observe {{kafka.server:type=BrokerTopicMetrics,name=RemoteDeleteLagSegments,topic=<topic>}} on the former leader: it stays pinned at a non-zero value with no {{RemoteDeleteErrors}} and no {{RemoteStorageException}}, and does not drain to 0.

h2. Expected vs actual

* *Expected:* {{RemoteDeleteLagSegments}}/{{RemoteDeleteLagBytes}} return to 0 on a broker once it is no longer the leader for the partition (the new leader owns deletion), mirroring the copy-lag behavior fixed in KAFKA-16948.
* *Actual:* the metric stays latched at a non-zero value (typically 1) on the former leader indefinitely, producing false-positive ""delete lag stuck"" alerts.


h2. Proposed fix

Mirror the copy path. Guard the emit with the task's cancellation state so a cancelled expiration task cannot re-register the gauge after {{removeRemoteTopicPartitionMetrics}} has cleared it:

{code:java}
// VisibleForTesting
void updateRemoteDeleteLagWith(int segmentsLeftToDelete, long sizeOfDeletableSegmentsBytes) {
    if (!isCancelled()) {
        String topic = topicIdPartition.topic();
        int partition = topicIdPartition.partition();
        brokerTopicStats.recordRemoteDeleteLagSegments(topic, partition, segmentsLeftToDelete);
        brokerTopicStats.recordRemoteDeleteLagBytes(topic, partition, sizeOfDeletableSegmentsBytes);
    }
}
{code}

This closes the race in the same way KAFKA-16948 did for {{recordLagStats}} on the copy path. Fix proposed in PR https://github.com/apache/kafka/pull/23471.

h2. Related issues

* KAFKA-16948 — reset lag metrics on becoming follower (guarded the *copy* path's {{recordLagStats}}); this bug is the un-fixed *delete* path equivalent.
* KAFKA-15147 — measure pending and outstanding remote segment operations (umbrella that introduced the RemoteCopyLag/RemoteDeleteLag metrics).
* KAFKA-20977 — a separate phantom-lag off-by-one on the copy path (single-record segments); different root cause, same ""gauge stuck non-zero"" symptom class.

",tiered-storage,Tiered-Storage,Bug,Resolved,2026-09-15T12:53:14.000+0000,2026-09-17T22:44:00.000+0000
KAFKA-21090,Improve in-memory state store re-use during a rebalance.,"While working on warm-up task support for ""streams"" group, in particular the new refiner step, I stumbled upon the issue, that two members (StreamsThread) of the same process/client/instance, cannot hand over tasks to each other directly, but the old owner needs to close the task (dropping in-memory state) before the new owner can take over (and now needs to rebuild the state from the changelog topic). – We only support direct active/standby/warmup task _conversion_ (which is technically a revoke+grant of the same task of a different type) which preserve in-memory state stores.

While we would expect that the task-assignor tries to assign a task to its previous owner (if it already decided to place a task on the same process), it cannot be guaranteed.

We should consider to allow a client to hand over a task from thread-to-thread w/o the need to close it. Ie, the previous owner could ""suspend"" the task only, preserving the in-memory state store while acking the revocation back to the broker afterwards, allowing the broker to grant the task to the sibling member afterwards, which can get the suspended task from the old owner, and ""resume"" it.

We would need some protocol changes to add metadata to a ""revoke task"" instruction to allow a member to distinguish a ""full revocation"" (what we implement now), vs a ""suspend revocation"". On a grant, a member would always check if there is a suspended task it can take over, and only create a new one if no suspended task is available.

[Side note: we should also apply some cleanup/timeout on ""suspended"" task, and close them, to free up the memory, if they are not re-claimed in a timely manner – similar to existing task-cleanup-interval [maybe we could even re-use the exact same config?])

It might also be beneficial, to add persistent vs in-memory state store information to the ""topology metadata/description"" sent to the broker, allow the refiner (and maybe also the assignor?) to make smarter decisions about task placement, and warm-up task injection etc.",needs-kip,streams,Improvement,Open,2026-09-14T04:01:28.000+0000,2026-09-14T17:25:22.000+0000
KAFKA-21088,Client telemetry stops permanently if push payload construction fails,"ClientTelemetryReporter.DefaultClientTelemetrySender can be left in the PUSH_IN_PROGRESS
state with no request in flight, after which no further telemetry request is ever made for
the lifetime of the client.

createPushRequest(ClientTelemetrySubscription) transitions the sender to PUSH_IN_PROGRESS before the payload is assembled. The assembly step then catches any exception, logs it, calls updateErrorResult, and returns Optional.empty() without restoring the state:
{code:java}
} catch (Exception e) {
    log.warn(""Error constructing client telemetry payload: "", e);
    // Update last accessed time for push request to be retried on next interval.
    updateErrorResult(localSubscription.pushIntervalMs, time.milliseconds());
    return Optional.empty();
}
{code}
The comment says the push will be retried on the next interval, but there is no next attempt:
 - No request was sent, so handleResponse(PushTelemetryResponse) is never invoked and cannot
  move the state to PUSH_NEEDED.
 - No request failed, so handleFailedPushTelemetryRequest / handleFailedRequest is never
  invoked and cannot move the state to SUBSCRIPTION_NEEDED.
 - timeToNextUpdate returns requestTimeoutMs for PUSH_IN_PROGRESS, which is greater than
  zero, so NetworkClient.TelemetrySender.maybeUpdate returns early and never calls
  createRequest() again.

The sender is therefore stuck. The only exit is initiateClose()/close() on client shutdown,
which is not a recovery. Telemetry silently stops after a single WARN log, while
ClientTelemetrySender remains enabled, so nothing reports that metrics are no longer being
delivered.

Reachability is low. KafkaMetricsCollector.collect guards each metric with its own
try/catch and collectMetric separately guards metric.metricValue(), so a misbehaving metric
does not trigger this. The remaining triggers are a runtime exception from createPayload
(protobuf assembly) or from the ClientTelemetryEmitter init/close in the try-with-resources.
Errors such as OutOfMemoryError are not caught here and propagate instead.

For contrast, the compression failure path immediately below is not affected: it either
falls back to uncompressed data and continues, or sets TERMINATED and throws. The
kafkaMetricsCollector == null path is also fine, because it returns before the state is
changed.

h3. Suggested fix

Restore a state from which a retry can happen before returning, i.e. transition back to PUSH_NEEDED (or SUBSCRIPTION_NEEDED, matching how a failed push is handled elsewhere) when not terminating, so that the push interval retry the comment describes actually occurs. For a terminating push, returning empty is acceptable since close() follows.

The underlying invariant worth asserting in a test: the sender should never remain in PUSH_IN_PROGRESS or TERMINATING_PUSH_IN_PROGRESS after createRequest() returns Optional.empty(), because no response or failure callback can arrive to move it on.",3.7.0,clients,Bug,Open,2026-09-13T23:49:11.000+0000,2026-09-26T11:35:46.000+0000
KAFKA-21086,Drop GrGit dependency usage (in favor of existing Eclipse JGit),"(on) *Rationale:*
 # GrGit is in maintenance mode
 # Eclipse JGit is already used as a dependency
 # GrGit author suggest this: [https://andrewoberstar.com/posts/2024-04-02-dont-commit-to-grgit]",Gradle|Refactoring|dependencies|dependency|git|gradle|jgit|refactor|refactoring,build,Task,Patch Available,2026-09-13T08:01:10.000+0000,2026-09-22T09:55:59.000+0000
KAFKA-21064,Apache RAT Gradle plugin version upgrade: 0.8.1 --> 0.11.0,"(+) Action points:
 * upgrade Apache RAT Gradle plugin version
 * remove redundant custom style file

(i) release notes:
 * Apache RAT Gradle plugin: [https://github.com/eskatos/creadur-rat-gradle/blob/v0.11.0/CHANGELOG.md|https://github.com/eskatos/creadur-rat-gradle/blob/v0.10.0/CHANGELOG.md]
 * Apache RAT (bundled version is upgraded form 0.15 to 0.18):
 ** 0.18: [https://github.com/apache/creadur-rat/blob/apache-rat-project-0.18/RELEASE_NOTES.txt#L1]
 ** 0.17: [https://github.com/apache/creadur-rat/blob/apache-rat-project-0.18/RELEASE_NOTES.txt#L86]
 ** 0.16.1: [https://github.com/apache/creadur-rat/blob/apache-rat-project-0.18/RELEASE_NOTES.txt#L375]
 ** 0.16: [https://github.com/apache/creadur-rat/blob/apache-rat-project-0.18/RELEASE_NOTES.txt#L414]

h4. Note #1: Rationale for removing custom style

*_stylesheet.set(file('gradle/resources/rat-output-to-html.xsl')):_* this style is equivalent to a default style.
+Steps (use Kafka trunk branch):+
 # comment out line 277 --> *_stylesheet.set(file('gradle/resources/rat-output-to-html.xsl'))_*
 # execute: _*./gradlew rat*_
 # compare two styles: _*diff build/tmp/rat/default-stylesheet.xsl gradle/resources/rat-output-to-html.xsl*_
{code:java}
69a70,71
>   <p>This HTML version (yes, it is!) is generated from the RAT xml reports using Saxon9B. All the outputs required are displayed below, similar to the .txt version.
>            This is obviously a work in progress; and a prettier, easier to read and manage version will be available soon</p>
{code}

h4. Note #2: Old vs. new report:

!screenshot-1.png! 
!screenshot-2.png!",Gradle|dependency|gradle|rat|update|upgrade|version,build,Task,Patch Available,2026-09-10T15:28:03.000+0000,2026-09-24T03:21:19.000+0000
KAFKA-21009,Consider introducing record header handling policies for Kafka Streams stateful operations,"Stateful operations such as joins and aggregations may combine or retain records from multiple inputs. Unlike one-to-one stateless operations, there may not be an obvious set of headers to use for the output record.

 

Currently, header handling is determined by the behavior of each operator, and applications do not have an explicit policy for controlling it.

 

We should consider whether Kafka Streams stateful operations could support header handling policies such as:
 * Retaining the existing behavior
 * Ignoring or dropping headers
 * Preserving headers from a selected input record
 * Merging headers from multiple input records

This Jira is intended to capture the use case and evaluate whether such policies would be useful. If pursued, the affected operators, exact policy set, defaults, conflict handling, and consistency across caching and restoration should be defined through a KIP.",needs-kip,streams,Improvement,Open,2026-08-31T22:49:22.000+0000,2026-09-20T22:09:02.000+0000
KAFKA-21008,Consider allowing record headers to be filtered or masked before persistence in Kafka Streams state stores,"Kafka Streams header-aware state stores introduced by KIP-1271 can persist record headers together with state values and propagate them through state store changelogs.

 

Record headers may contain application-level sensitive information, such as credentials, tokens, personally identifiable information, or request metadata that should not be retained at rest.

 

Currently, Kafka Streams does not provide a built-in mechanism to filter, remove, or mask selected headers before they are written to a header-aware state store. Applications must sanitize headers manually before every stateful operator, which is error-prone and may also modify the headers observed by downstream processors.

 

Kafka Streams should provide an opt-in mechanism to filter or transform the copy of the headers that is persisted by header-aware state stores.

 

The mechanism should:
 *  Allow selected headers to be removed or their values to be masked.
 * Apply consistently to both local state and state-store changelog records.
 * Avoid mutating the headers of the in-flight input record.
 * Preserve the current behavior when no filtering or masking policy is configured.
 * Ensure that restored state contains the same sanitized headers that were written to the local store.",needs-kip,streams,Improvement,Open,2026-08-31T22:41:57.000+0000,2026-09-07T23:09:10.000+0000
KAFKA-20980,Consider event-time-based record validity for Kafka Streams joins,"Kafka Streams table joins may continue to use records stored in a StateStore even when those records are outdated. As a result, state that has exceeded its business-defined validity period may produce inaccurate or unnecessary join results.

KAFKA-4212 and KIP-1225 discuss physically removing old StateStore entries based on a TTL. This issue considers an alternative approach in which record validity is evaluated at join time, without necessarily deleting the state, so that stale state does not affect join results.

 

For example, a join could define a maximum record age and consider a stored table record stale when its event time is too far behind the join reference time.
 * Stored table record event time: 10
 * Join reference event time: 100
 * Configured maximum record age: 30

The stored record is considered stale for this join.

The event-time semantics provided by Kafka record timestamps and  TimestampExtractor could serve as the basic time information for this evaluation.

 

Building on the header-aware StateStores introduced by KIP-1271 and KIP-1285, Kafka Streams could also provide framework-level support for representing and interpreting record validity or expiration metadata.

Validity metadata could be provided in the following ways:
 * The framework calculates expiration using the record timestamp and a configured duration.
 * For per-record validity periods, expiration metadata is provided through a framework-defined Header or API.

A join processor could inspect the timestamp and validity metadata preserved in the StateStore to determine whether a record is eligible for the join. The exact Header format, DSL API, and stale-record handling semantics would require further discussion.

 

This concept could potentially apply to the following joins:
 * KStream–KTable
 * KStream–GlobalKTable
 * KTable–KTable
 * (KStream-KStream is already handled by Windowed Join)

 

If stale records remain in the original StateStore, this approach does not reduce the size of the table’s StateStore itself. However, preventing stale table records from being treated as valid matches could provide the following benefits:
 * Prevent inaccurate or unnecessary join results based on stale table records.
 * Reduce downstream topic traffic and storage caused by stale join results.
 * Avoid unnecessary StateStore and changelog updates when stale join results are materialized or aggregated downstream.
 * Allow the same table record to be handled differently based on the validity policy of each join.

 

This feature should therefore be considered complementary to, rather than a replacement for, the physical StateStore TTL mechanisms discussed in KAFKA-4212 and KIP-1225. Its purpose is to prevent stale state from generating unnecessary join results.

 

This issue is intended to explore the design space. The specific public API, supported join types, and stale-record handling semantics could be defined through a future KIP discussion.",needs-kip,streams,Improvement,Open,2026-08-24T15:16:37.000+0000,2026-09-07T23:09:19.000+0000
KAFKA-20977, RemoteCopyLagSegments/RemoteCopyLagBytes report a phantom lag of 1 on low-throughput partitions (single-record segments),"h2. Summary

On tiered-storage partitions whose throughput is low enough that a rolled segment contains a single record ({{{}baseOffset == endOffset{}}}), {{RemoteCopyLagSegments}} gets stuck reporting {{1}} (and {{RemoteCopyLagBytes}} reports that segment's size) even though every closed segment has already been copied to remote and only the active segment remains local. There is no real backlog and no data loss — the copy path is healthy. The metric is computed wrong at the segment boundary and then never recomputed while the partition is idle.

This is a {*}residual off-by-one that survives KAFKA-16895{*}.

KAFKA-16895 removed the _active_ segment from the count (the {{{}- 1{}}}); this issue is about the _already-copied boundary_ se gment being re-counted by a {{>=}} comparison.
h2. Affects

3.9.0 through trunk (reproduced on 4.2). Present wherever {{UnifiedLog.onlyLocalLogSegmentsCount()}} uses {*}{{>=}}{*}.
h2. Root cause

*(1) [Boundary off-by-one in UnifiedLog|https://github.com/apache/kafka/blob/trunk/storage/src/main/java/org/apache/kafka/storage/internals/log/UnifiedLog.java#L2109]*
{code:java}
  public long onlyLocalLogSegmentsCount() {
      return logSegments().stream()
          .filter(s -> s.baseOffset() >= highestOffsetInRemoteStorage())  // should be '>'
          .count();
  }
  {code}
{{highestOffsetInRemoteStorage()}} holds the *end* offset of the last segment already copied to remote (set via {{{}updateHighestOffsetInRemoteStorage(endOffset){}}}). A segment is ""only local / not yet in remote"" iff {{{}baseOffset > highestOffsetInRemoteStorage{}}}. The {{>=}} wrongly includes the just-copied segment *when that segment is single-record* ({{{}baseOffset == endOffset == highestOffsetInRemoteStorage{}}}). {{onlyLocalLogSegmentsSize()}} has the same bug.

{{RemoteLogManager.RLMCopyTask.recordLagStats}} then computes:
{code:java}
  long segmentsLag = log.onlyLocalLogSegmentsCount() - 1; // '-1' removes active seg (KAFKA-16895)
  {code}
With the boundary segment wrongly counted: count = (copied boundary seg) + (active seg) = 2, so segmentsLag = 2 − 1 = 1 instead of 0.

*(2) The gauge is only refreshed on a copy*

{{recordLagStats}} runs only after a successful copy or on a copy exception; {{resetLagStats()}} (→ 0) runs only on leadership loss. The ""no candidate segments"" branch does not update the gauge. So once a low-throughput partition stops rolling new segments, the last (wrong) value stays latched indefinitely.
h2. Worked example
{code:java}
# topic: tiered-test  (partitions=1, RF=1)

remote.storage.enable=true
segment.bytes=<~1 record>     # force frequent, eventually single-record rolls
local.retention.ms=1000       # evict local quickly once copied
retention.ms=3600000

# broker: remote.log.manager.task.interval.ms=5000
  {code}
*Watch:*  {_}{{kafka.server:type=BrokerTopicMetrics,name=RemoteCopyLagSegments,topic=tiered-test}}{_}.

*Phase A — multi-record segments (metric CORRECT)*
||Segment||base||end||highestRemote after copy||onlyLocalCount||lag (count-1)||Result||
|s0|0|22|22|{active s1 (base 23)}= 1|1-1 = 0|CORRECT|
|s1|23|24|24|{active s2 (base 25)}= 1|1-1 = 0|CORRECT|

_*Note:* baseOffset != highestRemote for the copied segment, so "">="" and "">"" agree._

 

*Phase B — throughput drops to ONE record per segment (metric BREAKS)*
||Segment||base||end||highestRemote after copy||'>=' (buggy) count -> lag||'>' (fixed) count -> lag||Correct?||
|s2|25|25|25|{s2(25>=25, already copied), s3(base 26)}= 2 -> lag 1|{s3(base 26)}= 1 -> lag 0|fix = 0|
|s3|26|26|26|{s3(26>=26), s4(base 27)}= 2 -> lag 1|{s4(base 27)}= 1 -> lag 0|fix = 0|
|producer stops| | | |no roll -> no copy -> recordLagStats never runs -> FROZEN at 1|(would be 0)|—|

 

The instant a segment becomes single-record ({{{}base == end{}}}), its own baseOffset equals the new {{{}highestOffsetInRemoteStorage{}}}, so {{>=}} keeps counting a segment that is already in remote. After the last write there is no roll/copy to recompute it, so it is frozen at 1 even though on disk only the empty active segment remains and remote is fully caught up.

Because the gauge is summed across partitions, every quiet partition contributes a phantom 1 and the cluster aggregate steps up monotonically (1 -> 3 -> ... -> N) and stays there — looking exactly like a growing copy backlog when nothing is lagging.
h2. Steps to reproduce
 # Create a tiered topic sized so rolled segments eventually hold one record.
 # Produce briefly at a rate giving multi-record segments -> confirm {{{}RemoteCopyLagSegments == 0{}}}.
 # Drop to <=1 record per rolled segment; let them copy and be locally evicted.
 # Stop producing. Observe {{RemoteCopyLagSegments}} stuck at 1 indefinitely while there is no uncopied closed segment on disk.

h2. Expected vs actual
 * *Expected:* 0 once all closed segments are copied.
 * *Actual:* 1 per low-throughput partition, permanently.

h2. Proposed fix

Compare strictly — a segment is only-local iff its base offset is beyond the
highest remote offset:
{code:java}
  -        .filter(s -> s.baseOffset() >= highestOffsetInRemoteStorage())
  +        .filter(s -> s.baseOffset() > highestOffsetInRemoteStorage())
  {code}
in both {{onlyLocalLogSegmentsCount()}} and {{{}onlyLocalLogSegmentsSize(){}}}.

This also removes a latent double-count in the size-based retention total ({{{}onlyLocalLogSegmentsSize + remoteLogSizeBytes{}}}), where the boundary segment was counted in both terms.

Optional hardening: also invoke {{recordLagStats(log)}} on the ""no candidate
segments"" branch so idle partitions converge to the correct value without
waiting for the next copy.

*A fix has been proposed in PR #23246: [PR link|https://github.com/apache/kafka/pull/23246]*
h2. Related issues
 * KAFKA-16895 (fixed 3.9.0) — removed the _active_ segment from the count ({{{}- 1{}}}). This issue is the residual boundary off-by-one on top of that fix.
 * KAFKA-16948 — reset lag metrics on becoming follower (only reset path).
 * KAFKA-19995 — record lag metrics during copy failures.",tiered-storage,Tiered-Storage,Bug,Resolved,2026-08-23T15:39:30.000+0000,2026-09-11T23:56:34.000+0000
KAFKA-20943,Update Develocity related Gradle plugin versions,"(flag) *Prologue/possible pitfall:* 
 * KAFKA-19707 Develocity Gradle plugin version can't be upgraded (CI build fails with error: ""build scan failed to be published"")
 * [https://github.com/gradle/actions/issues/731#issuecomment-3293524417] 
 * [https://github.com/gradle/gradle/issues/34994]

 
(!)  https://docs.gradle.org/9.7.1/userguide/upgrading_version_9.html#deprecated_develocity_plugin_pre_4_0
 !screenshot-1.png! 
 
*(+) Action points:*
 * com.gradle.develocity: 3.19 -->> 4.6.0
 * com.gradle.common-custom-user-data-gradle-plugin: 2.0.2 -->> 2.8.0

(on) *Rationale:*
 * Develocity instance used by Kafka project has a recent version {*}2026.3.0{*}: [https://develocity.apache.org/scans?search.rootProjectNames=kafka]
 * both build scan related Gradle plugins are using rather old versions:
 ** *com.gradle.develocity* version 3.19 was released in February 2025.
 ** *com.gradle.common-custom-user-data-gradle-plugin* version 2.0.2 was released in June 2024.

{panel:title=Addendum: last two related plugins version changes: |borderStyle=dashed|borderColor=#cccccc|titleBGColor=#f7d6c1|bgColor=#ffffce}
 * Jan 2025: [https://github.com/apache/kafka/pull/18539/changes#diff-7f825392aa37acd1cee0c2e7b9bb7366ad6eac64f3e6cdd816e156bcb69d30de]
 ** only develocity Gradle plugin version changed
 ** server instance URL changed
 ** ticket: KAFKA-18454 Migrate Build Scan publication to develocity.apache.org
 * Aug 2024: [https://github.com/apache/kafka/pull/16902/changes]
 ** both plugin versions are changed
 ** server instance URL stayed the same
 ** ticket: KAFKA-17352 Upgrade Gradle Enterprise to develocity plugin{panel}
*(i) Plugin release notes:*
 * *com.gradle.develocity:*
 ** [https://docs.develocity.ai/gradle/4.6/release-history/#4-6-0]
 ** [https://plugins.gradle.org/plugin/com.gradle.develocity/4.6.0]
 * *com.gradle.common-custom-user-data-gradle-plugin:*
 ** [https://plugins.gradle.org/plugin/com.gradle.common-custom-user-data-gradle-plugin/2.8.0]
 ** [https://github.com/gradle/common-custom-user-data-gradle-plugin/releases/tag/v2.1]
 ** [https://github.com/gradle/common-custom-user-data-gradle-plugin/releases/tag/v2.2]
 ** [https://github.com/gradle/common-custom-user-data-gradle-plugin/releases/tag/v2.2.1]
 ** [https://github.com/gradle/common-custom-user-data-gradle-plugin/releases/tag/v2.3]
 ** [https://github.com/gradle/common-custom-user-data-gradle-plugin/releases/tag/v2.4.0]
 ** [https://github.com/gradle/common-custom-user-data-gradle-plugin/releases/tag/v2.5.0]
 ** [https://github.com/gradle/common-custom-user-data-gradle-plugin/releases/tag/v2.6.0]
 ** [https://github.com/gradle/common-custom-user-data-gradle-plugin/releases/tag/v2.7.0]
 ** [https://github.com/gradle/common-custom-user-data-gradle-plugin/releases/tag/v2.8.0]",Gradle|build|gradle|scan|update,build,Task,Patch Available,2026-08-15T19:06:59.000+0000,2026-09-25T17:05:14.000+0000
KAFKA-20934,Considering Share Groups for decoupling stateless Kafka Streams processing parallelism from source partitions,"I am creating this Jira ticket for ideation. If Kafka maintainers or the community think this direction is worth discussing, I would be happy to write a KIP and develop the discussion further.

Currently, Kafka Streams processing parallelism is closely tied to the number of partitions in the source topic. In contrast, Share Groups allow multiple consumers to share the same partition, and the number of consumers can exceed the number of partitions. Therefore, using Share Groups may provide a way to decouple processing parallelism from the number of source partitions.

Applying this model to existing stateful Kafka Streams topologies does not appear to be straightforward. Stateful processing in Kafka Streams is based on a model in which a task owns specific input partitions and local state stores. In addition, with Share Groups, records from the same partition may be processed by different consumers, and partition-level ordering is not guaranteed overall.

However, there may be room to use Share Groups for stateless Kafka Streams topologies where record processing is order-independent. In such topologies, processing records from the same source partition across multiple Streams instances would not introduce conflicts in terms of state ownership, potentially allowing the number of processing instances to exceed the number of source partitions.

Although proper performance evaluation would be necessary, this could potentially improve throughput for stateless topologies where application-side processing is the bottleneck. It could also reduce the need to over-partition topics solely to achieve higher processing parallelism, which may in turn reduce the operational overhead associated with maintaining a large number of partitions. KIP-932 also describes over-partitioning for parallel consumption as one of the problems that Share Groups are intended to address.",needs-kip,group-coordinator|streams,Improvement,Open,2026-08-13T13:45:52.000+0000,2026-09-07T21:41:38.000+0000
KAFKA-20909,Consider bumping the consumer group epoch when a member's rack ID changes,"In KIP-848 consumer groups, a member's changed rack ID is persisted, but it does not currently bump the group epoch. Therefore, the target assignment is not recomputed until another event triggers a rebalance.

This is relevant to static members as well. A member rejoining with the same group.instance.id retains its logical identity, but its previous assignment may no longer be appropriate if its rack has changed.

Rack ID is also included in the member metadata passed to the assignor. A custom or future rack-aware assignor may produce a different assignment based on it.

Consider treating an effective rack ID change as an assignment-relevant metadata change and bumping the group epoch. An omitted or unchanged rack ID should not trigger a bump.",consumer,consumer,Improvement,Open,2026-08-09T13:43:25.000+0000,2026-08-31T22:20:45.000+0000
KAFKA-20908,Consider exposing RACK-ID in kafka-share-groups.sh,"ShareMemberDescription already exposes the optional rack ID of each share group member, but kafka-share-groups.sh --describe --members does not display it.

Consider adding a RACK-ID column to the verbose member output (--describe --members --verbose).

 ",needs-kip|share-group,tools,Improvement,Open,2026-08-09T13:33:42.000+0000,2026-08-10T10:42:34.000+0000
KAFKA-20888,Expose Streams group member rack IDs in kafka-streams-groups.sh,"The Streams Rebalance Protocol tracks each member’s optional rack ID and exposes it through Admin#describeStreamsGroups as StreamsGroupMemberDescription#rackId().

However, kafka-streams-groups.sh --describe --members does not currently display this information. Even with --verbose, the output includes member and assignment metadata such as process ID, member epoch, topology epoch, and assignments, but omits the rack ID.

h3.  Motivation

Displaying rack IDs would help operators:
* Verify that client.rack is propagated correctly.
* Diagnose task-placement behavior when using a custom rack-aware task assignor.
* Identify unexpected rack metadata changes that can trigger group epoch and assignment recomputation.
* Inspect rack information without writing code against the Admin API.


Because rack ID is optional and not needed for routine group inspection, it should be included only in verbose member output to avoid expanding the default table unnecessarily.",needs-kip|streams,streams|tools,Improvement,Open,2026-08-03T11:52:49.000+0000,2026-08-03T19:47:36.000+0000
KAFKA-20887,"IQ metadata is incomplete during ""streams"" protocol rebalances, causing incorrect IQ results","Setting ""Affects Version"" to 4.1.0, even if ""streams"" is only ""early access"" in 4.1.0, and should not be used in production.

Using the new ""streams"" groups, KafkaStreams#queryMetadataForKey() can compute the wrong partition for a key *_during a rebalance_* and return the wrong host, so IQ may return a ""not found"" for a keys that exist. Note, this is not an exception, but an incorrectly empty query result. This problem is affecting all IQ queries across IQv1 and IQv2, leading to incorrect query results that the user cannot detect.

*Root cause*

The client infers each source topic's partition count from the reported ""host endpoint information"":
 - StreamThread → getTopicPartitionInfo(activeHostInfoMap) → StreamsMetadataState#onChange → partitionsByTopic
 - SourceTopicsInfo#maxPartitions = partitionsByTopic.get(topic).size()
 - keyQueryMetadataForKey passes maxPartitions to StreamPartitioner#partitions as the modulo

This assumes every task is present in the reported ""host endpoint"" metadata at all times. In the ""classic"" protocol this invariant is guaranteed — partitionsByHost is built from the assignor's complete target (StreamsPartitionAssignor Step Three), before cooperative revocation withholds anything.

However, it does not hold for the ""streams"" protocol. EndpointToPartitionsManager builds each EndpointToPartitions entry from that member's current assignedTasks(), and during reconciliation a migrating task sits in the old owner's tasksPendingRevocation — in no member's assignedTasks(), so in no entry at all.

It was a deliberate improvement via KIP-1071 (and the impact on IQ was missed): if a task is not assigned, IQ metadata should not claim it is, resulting in spurious user facing exception (""task migrated to another instance""), requiring user-code retries.

*Impact*

An in-flight task on a 4-partition topic drops the count to 3, so keys hash % 3 instead of % 4. Roughly 75% of keys resolve to a wrong partition, and each maps to a host that legitimately owns that partition — live, store open — which may answers ""key not found"". No exception, no retry signal. Only the migrating partition's own keys should have been unavailable.

*Proposal*

Have the broker send the missing information in StreamsGroupHeartbeatResponse instead of the client inferring it — e.g. a field ""unassigned partitions"" or similar as part of `EndpointInformationEpoch` field, so the client's existing derivation keeps working with minimal client-side change.

Deriving the topic/partition metadata from the ""host metadata"" map was a deliberate choice to avoid an extra RPC from the client to the broker to fetch topic metadata, so having the client query the cluster is not the desired direction.

*Note:* The new fields must also consider tasks assigned to a client with `application.server=null`. – These tasks are filtered out from the ""host endpoint"" map, too.

The `application.server` issue is actually a long standing bug also affecting ""classic"". It's a corner case, of a mis-configured application. Applications should be configured such that all KafkaStreams clients set `application.server` or none; a mixed configuration is a wrong config – nevertheless, it should not break IQ's correctness, but rather only result in that the client with the missing config cannot be queried, ie, some tasks would be unavailable for IQ. We can fix this ""for free"" for the ""streams"" case when we do this ticket. Cf the linked ticket for ""classic"" which must get its own fix independently. Of course, the client side code (which is shared across both protocols) must be setup such that is works for both ""streams"" and ""classic"" case. Thus, as long as it's not fixed for ""classic"", we need to still ensure that the code does not crash for ""classic"" if we fix it for ""streams"".",needs-kip,streams,Bug,Patch Available,2026-08-03T02:30:04.000+0000,2026-09-11T11:00:04.000+0000
KAFKA-20886,"Missing `application.server` configuration silently breaks IQ key routing (""classic"" protocol)","Filing this a ""minor"" as we consider a ""mixed configuration"" as invalid, so it's a user error triggering this issue. ** 

*Summary*

`application.server` is optional per instance. If some instances set it and others don't, IQ key routing silently resolves to the wrong host — including for keys hosted on the correctly configured instances.

*Root cause*

StreamsPartitionAssignor.populatePartitionsByHostMaps skips clients without an endpoint:

if (hostInfo != null) \{ ... partitionsByHost.put(hostInfo, topicPartitions); ... }

Their partitions are therefore absent from partitionsByHost — which is also the source of the partition count:
 - getTopicPartitionInfo(partitionsByHost) → StreamsMetadataState#onChange → partitionsByTopic
 - SourceTopicsInfo#maxPartitions = partitionsByTopic.get(topic).size()
 - keyQueryMetadataForKey passes maxPartitions to StreamPartitioner#partitions as the modulo

An under-count changes the modulo, so keys hash to the wrong partition.

*Impact*

Permanent, not transient. If the unconfigured instances hold 1 of a topic's 4 partitions, keys are hashed % 3 instead of % 4 and ~75% resolve to the wrong partition. The host returned for those legitimately owns that partition — live, store open — so it answers ""key not found"". No exception, no retry signal.

If no instance sets `application.server,` partitionsByHost stays empty, isInitialized() is false, and queryMetadataForKey returns KeyQueryMetadata.NOT_AVAILABLE — correct. Only the mixed configuration is broken. While a mixed configuration is an incorrect configuration, it should still not break IQ's correctness, but should only imply that some tasks are unavailable for IQ.

To fix this, we need to change our custom assignor metadata, to include information about ""not available tasks"" instead of just dropping them on the floor. This implies version bumps and upgrade/downgrade concerns. We might need a KIP for this (need to evaluate, as we actually have ""version probing"" so maybe we could also address w/o a KIP)

{*}Note{*}: The same bug is there for ""streams"" protocol, but it will get an independent fix (cf the linked ticket). Of course, the client side code (which is shared across both protocols) must be setup such that it works for both ""streams"" and ""classic"" case. Thus, even if we fix only ""classic"" case, we must ensure that ""streams"" case does not crash either, if it's hitting this case.",needs-kip,streams,Bug,Open,2026-08-03T02:30:02.000+0000,2026-08-21T15:40:20.000+0000
KAFKA-20884,Consider kafka-streams-groups.sh supporting classic streams application.,"Currently, kafka-streams-group.sh supports only Streams applications that use the Streams group protocol.

Considering KAFKA-20172, during an online migration, Streams group members and classic Streams members can coexist in the same group. In this situation, it might be helpful for kafka-streams-group.sh to support both Streams group members and classic Streams members.

https://issues.apache.org/jira/browse/KAFKA-20172",needs-kip|streams,streams|tools,Improvement,Open,2026-08-02T04:17:56.000+0000,2026-08-03T19:23:05.000+0000
KAFKA-20883,Consider exposing instance ID for the streams group.,"{code:java}
GROUP           MEMBER                 PROCESS                              CLIENT-ID                                                               ASSIGNMENTS
ASH-HELLO1      FoxjlMG2RuCy7enUbPOMXA ee1fd7d9-00d4-44d6-96fe-d180d65bc6cc ASH-HELLO1-ee1fd7d9-00d4-44d6-96fe-d180d65bc6cc-StreamThread-1-consumer ACTIVE: 0:[0,1,2]; 1:[0,1,2,3,4,5,6,7,8,9];
{code}

Currently, the streams group does not show instance id.
And, *kafka-consumer-groups.sh* fails to show instance id for the following reason.

{code:java}
java.util.concurrent.ExecutionException: org.apache.kafka.common.errors.GroupIdNotFoundException: Group ASH-HELLO1 is not a consumer group.
{code}

However, kafka-consumer-groups.sh shows the instance id of a classic streams application.
So, It would be better to provide a way to show the instance id via CLI.",needs-kip|streams,streams|tools,Improvement,Patch Available,2026-08-02T04:13:59.000+0000,2026-08-03T19:21:27.000+0000
KAFKA-20882,Reduce build time: use lazy creation for Gradle tasks (i.e. use `tasks.register` instead of `task` or `tasks.create`),"(on) *How to test:* execute *./gradlew clean releaseTarGz --rerun-tasks --no-build-cache --no-configuration-cache --no-daemon*
* trunk: *BUILD SUCCESSFUL in 4m 4s*
* this PR: *BUILD SUCCESSFUL in 3m 54s*

(!) *Note:* `allDepInsight` task is producing equivalent (not identical) results; I made some test comparing outputs for both trunk and this PR:
{code} 
./gradlew allDepInsight --configuration runtimeClasspath --dependency com.fasterxml.jackson.core:jackson-databind > someTxtFile.txt
{code} 

(i) *Some related links:*
* https://docs.gradle.org/9.4.1/userguide/organizing_tasks.html
* https://docs.gradle.org/9.4.1/userguide/writing_tasks_intermediate.html
* https://docs.gradle.org/9.4.1/userguide/task_configuration_avoidance.html#task_configuration_avoidance
* https://docs.gradle.org/9.4.1/userguide/lazy_configuration.html
* https://docs.gradle.org/9.4.1/userguide/more_about_tasks.html
* https://docs.gradle.org/9.4.1/userguide/best_practices_tasks.html
* https://stackoverflow.com/questions/53654190/what-is-the-difference-between-registering-and-creating-in-gradle-kotlin-dsl",Gradle|Optimization|build|gradle|optimization,build,Improvement,Resolved,2026-08-01T12:57:22.000+0000,2026-08-28T13:16:25.000+0000
KAFKA-20880,Consider to address inconsistency in `StandbyUpdateListener` API,"Kafka Streams has two state-restore-listeners: `StateRestoreListener` and `StandbyUpdateListener`.

`StandbyUpdateListener#onBatchLoaded()` is the only method that has a `TaskId` parameter. It's unclear why we have this inconsitency.

Technically, `TaskId` should not be relevant, because the listener is for a store, not a task, it would fire for all stores for a task. And `TopicPartition` and `storeName` are already passed in which is the more relevant information.",needs-kip,streams,Improvement,Open,2026-08-01T01:36:20.000+0000,2026-09-24T03:21:27.000+0000
KAFKA-20879,Consider to add a `SuspendReason` to `StateRestoreListener#onRestoreSuspended`,"## Description

When an active task's restoration is interrupted, `StateRestoreListener.onRestoreSuspended` is called, but it does not say why.

There are three reasons it can happen, and they are indistinguishable to the application:

- the task was assigned to another instance,
- the task was demoted to a standby task on this instance,
- this instance is shutting down.

The sibling callback on the other listener does distinguish them. `StandbyUpdateListener.onUpdateSuspended` receives a `SuspendReason`. An application that follows both listeners to track where its tasks live therefore gets a cause for a replica that stops updating, but none for an active task that stops restoring.

### Scope: only a task that is still restoring

This is limited to an active task that had **not** finished restoring. If a task is RUNNING and there is no restoration in progress, there is nothing for a restore listener to report, and the resulting standby task is reported through `StandbyUpdateListener.onUpdateStart` as usual. So overall it's a rare case, but still worth to address.",kip-1375,streams,Improvement,In Progress,2026-08-01T01:19:05.000+0000,2026-09-08T03:20:56.000+0000
KAFKA-20870,Fix owned-task reports in StreamsGroupHeartbeat,"This ticket is partially a bug report, and mainly an improvement idea.

_Summary:_ Broker discards the entire StreamsGroupHeartbeat owned-task report unless all three task lists are non-null
h3. 1) What the protocol documents

`StreamsGroupHeartbeatRequest` has three _independently_ nullable owned-task lists, each documented per field:
 - `ActiveTasks` — *""Currently owned active tasks for this client. Null if unchanged since last heartbeat.""*
 - `StandbyTasks` — same wording
 - `WarmupTasks` — same wording

Nullable arrays distinguish null from empty on the wire (compact encoding: `0x00` = null, `0x01` = empty), and both values are meaningful here. An empty list is how a member reports that it has released a role's tasks; null is documented to mean ""unchanged"". Nothing in the schema says the three fields must be sent together.
h3. 2) What the broker does

-In the streams reconciliation path, `GroupMetadataManager` converts the request into a `TasksTuple` only when all three lists are non-null:-
{code:java}
TasksTuple ownedTasks = null;
if (ownedActiveTasks != null && ownedStandbyTasks != null && ownedWarmupTasks != null) {
    ownedTasks = TasksTuple.fromHeartbeatRequest(ownedActiveTasks, ownedStandbyTasks, ownedWarmupTasks);
} {code}
-`ownedTasks` is put into an `Optional`.-

-Otherwise the whole report is dropped (an empty `Optional` is create, even if some field are not-null), and `CurrentAssignmentBuilder.hasNotReleased` reads an absent report conservatively:-
{code:java}
return ownedTasks.isEmpty() || ownedTasks.get().containsAny(tasksPendingRevocation); ```{code}
-(`ownedTasks` is the `Optional<TasksTuple>`; `isEmpty()` here means ""no report"", not ""owns nothing"".)-

-So a heartbeat reporting two of the three lists is treated identically to one reporting none — the lists that *were* sent are discarded.-

There is actually an upfront guard, rejecting such a HB inside `GroupCoordinatorService#throwIfStreamsGroupHeartbeatRequestIsInvalid`.
h3. 3) Consequence

A member that reports a subset of the three lists never has _any_ revocation acknowledged, including for the roles it did report. The acknowledgement never lands, so the member stays in its revoking state and the group never leaves rebalancing. No error is returned and nothing is logged, so the group simply stops making progress.

The failure mode is {_}liveness only, never safety{_}: the conservative reading means the broker never concludes a task was released when it wasn't, so it cannot grant a task to a new owner while the previous owner still runs it.

A second site makes the same assumption: `throwIfStreamsGroupMemberEpochIsInvalid`. In the stale-epoch branch (`receivedMemberEpoch < member.memberEpoch()`), `areOwnedTasksContainedInAssignedTasks` returns `false` for a null list, so a member retrying with its previous epoch and any null owned-task list is fenced with `FencedMemberEpochException`.
h3. 4) Root cause

`TasksTuple`'s record constructor requires all three maps to be non-null, so ""this role was not reported"" has no representation in the type the broker converts the request into. Three independent absences on the wire are collapsed into a single `Optional<TasksTuple>`, whose only lossless inputs are all-present and all-absent; everything in between is rounded to absent. `TasksTuple` is the right type for an *assignment* (where all three roles are always fully known) and the wrong type for a wire-side {*}report{*}.
h3. 5) Not reachable with the Apache Java client

The client is itself all-or-nothing:
 - The JOINING heartbeat sets all three lists to empty lists (an explicit ""I own nothing"").
 - Otherwise all three are set together, and only when the reconciled assignment changed.
 - `HeartbeatState.reset()` clears the recorded assignment and is called unconditionally on every error response and on every transport failure, so a full report is resent after a coordinator change.

This is therefore latent, and it affects third-party protocol implementations — which the per-field wording actively invites. An implementer who reads the schema and resends only the list that changed loses all revocation acknowledgements, not just the omitted role's.
h3. 6) Contrast with two places that get this right
 - _KIP-848._ `ConsumerGroupHeartbeatRequest` has a *single* nullable `TopicPartitions` field with the same convention ({*}""null if it didn't change since the last heartbeat""{*}), and the consumer-side `CurrentAssignmentBuilder` applies the same conservative reading (`if (ownedTopicPartitions == null) return true;`). With one field the partial state is unrepresentable, so this cannot arise. The streams protocol implements the same mechanism, split across three fields.
 - {_}`ProcessId`{_}, in this same request, carries the identical *""Null if unchanged since last heartbeat""* wording and {*}{{*}}is{{*}}{*} honoured per field (`maybeUpdateProcessId(Optional.ofNullable(processId))`) — because that value is persisted in the member record and so survives a coordinator failover. The convention works for persisted fields and breaks for transient ones; owned tasks are transient.

h2. Options considered

Relevant compatibility fact: `StreamsGroupHeartbeatRequest` is `validVersions: 0-1` with no `latestVersionUnstable`, so both versions are shipped and stable (talking AK 4.4 already even if not release yet).

_A. Persist partial revocation progress._ Make the acknowledgement per-role: subtract the released tasks of each reported role from `tasksPendingRevocation` and persist the shrunken set. Failover is then a non-issue because progress is in the log. Note that today a partial release records *nothing* — `CurrentAssignmentBuilder` returns the same member object while `hasNotReleased` is true, and `maybeReconcile` only appends a record when the member actually changed — so this adds current-assignment record writes on the heartbeat path, up to one per role per revocation instead of one per revocation. Steady-state cost increase; likely the hardest to land.

_B. Accumulate partial reports in memory and persist only on completion._ Avoids A's extra writes, but the accumulated progress is transient and is lost on coordinator failover, with no event the client can observe (its own assignment has not changed, so it has no reason to resend). Recovering therefore needs a broker→client ""resend the full report"" signal — the shape already used by `TopologyDescriptionRequired` in the heartbeat response. Adds transient broker state *and* protocol surface to serve a case no client produces.

_C. Document the all-or-nothing contract and reject violations._ Reword the three owned-task fields to say they are reported together, all or none, and have the broker reject a partial report with an explicit error instead of absorbing it into a rebalance that never finishes. No format change; makes the prose match the implementation and both clients; turns a silent hang into something diagnosable. Leaves a wire format that still *permits* the illegal state, i.e. the contract is prose rather than structure.

_D. Change the request shape in a new version._ Replace the three lists with a single nullable outer field containing three non-nullable inner lists, so ""nothing changed"" is the outer null and a partial report is unrepresentable — restoring the property KIP-848 has. This is the correct shape, but since v0 and v1 are stable it is a {_}v2 addition{_}: the flat three-field path has to be retained for v0/v1 clients, so the rounding behaviour survives for them regardless.

C and D compose: fix the wording and reject now; if the request shape is ever revised for another reason, adopt the nested form and C's prose becomes redundant.",needs-kip,group-coordinator|streams,Bug,Open,2026-07-31T05:12:48.000+0000,2026-09-01T15:05:37.000+0000
KAFKA-20862,Update gradle-versions-plugin to improve `dependencyUpdates` task result output,"*Action points:*
 * update `gradle-versions-plugin`: 0.56.0 -->> 0.58.0 {color:#ff0000}(note: `dependencyUpdates` task output looks _*much*_ better now){color}
 * _(optional)_ update `jacoco`: 0.8.14 -->> 0.8.15

*Rationale:*
 * I tried to update jacoco version (0.8.14 -->> 0.8.15) but stumbled upon on (turns out not to be an) issue: [https://github.com/ben-manes/gradle-versions-plugin/issues/1028]; however gradle-versions-plugin team covered this case in docs (they added a new section in their `README.md`):
 ** [https://github.com/ben-manes/gradle-versions-plugin/pull/1030]
 ** [https://github.com/ben-manes/gradle-versions-plugin/releases/tag/v0.57.0]
 * Upon testing plugin version 0.57.0, I filed another ticket: [https://github.com/ben-manes/gradle-versions-plugin/issues/1032] and while this was a non-issue (yet again) gradle-versions-plugin developers used my report and Kafka codebase to improve output for their `dependencyUpdates` task:
 ** [https://github.com/ben-manes/gradle-versions-plugin/pull/1035]
 ** [https://github.com/ben-manes/gradle-versions-plugin/pull/1036]
 ** [https://github.com/ben-manes/gradle-versions-plugin/releases/tag/v0.58.0]

Addendum: Jacoco latest version release notes >> [https://github.com/jacoco/jacoco/releases/tag/v0.8.15]",Gradle|build|gradle|jacoco|reporting|reporting_task|update,build,Task,Closed,2026-07-30T09:41:37.000+0000,2026-08-14T18:41:37.000+0000
KAFKA-20856,Allow to enable/disable headers support on `suppress()`,"We did add headers support to state stores, and added a global config to enable/disable it across all DSL operators. For ""regular"" `KTables` it's also possible to enable/disable headers support on a per-store basis via `Materialized`. The `suppress()` operator is lacking this functionality as it does not take a `Materialized` object as input.

We should consider to extend `suppress()` accordingly to close this gap.",needs-kip,streams,Improvement,Open,2026-07-29T05:50:33.000+0000,2026-09-19T03:20:43.000+0000
KAFKA-20851,Version updates for build dependencies,"(on) *Action points:*
 * jacoco: 0.8.14 -->> 0.8.15
 * zinc: 1.12.0 -->> 1.12.1
 * swagger: 2.2.52 -->> 2.2.53
 * gradle-versions-plugin: 0.56.0 -->> 0.61.0 *(to improve `./gradlew dependencyUpdates` task result output)*
 * -owasp dependency check plugin: 12.2.2 -->> 13.0.0- {color:#ff0000}*( (!) {-}note: we would have to wait for 13.0.1{-})*{color}
 * spotbugs gradle plugin: 6.5.9 -->> 6.5.10
 * spotless gradle plugin: 8.4.0 -->> 8.9.0 *(note: extensively tested)*

*Important notes and remarks:*
 * spotless gradle plugin version update is verified locally:
 ** {{./gradlew build -x test}} passes (spotlessCheck + checkstyle + spotbugs + compile all green)
 ** {{./gradlew clean spotlessApply --rerun-tasks --no-build-cache}} ran 1000 times with 0 failures
 * gradle-versions-plugin:
 ** *_dependencyUpdates_* task output looks better now
 ** plugin developers used Kafka codebase for 0.57.0 and 0.58.0 versions :)

*Release notes:*
 * jacoco: [https://github.com/jacoco/jacoco/releases/tag/v0.8.15]
 * zinc: [https://github.com/sbt/zinc/releases/tag/v1.12.1]
 * spotless gradle plugin:
 ** [https://github.com/diffplug/spotless/releases/tag/gradle%2F8.9.0]
 ** [https://github.com/diffplug/spotless/releases/tag/gradle%2F8.8.0]
 ** [https://github.com/diffplug/spotless/releases/tag/gradle%2F8.7.0]
 ** [https://github.com/diffplug/spotless/releases/tag/gradle%2F8.6.0]
 ** [https://github.com/diffplug/spotless/releases/tag/gradle%2F8.5.1]
 ** [https://github.com/diffplug/spotless/releases/tag/gradle%2F8.5.0]
 * gradle-versions-plugin:
 ** [https://github.com/ben-manes/gradle-versions-plugin/tree/v0.61.0#migrating-from-prior-versions]
 ** [https://github.com/ben-manes/gradle-versions-plugin/releases/tag/v0.57.0]
 ** [https://github.com/ben-manes/gradle-versions-plugin/releases/tag/v0.58.0]
 ** [https://github.com/ben-manes/gradle-versions-plugin/releases/tag/v0.59.0]
 ** [https://github.com/ben-manes/gradle-versions-plugin/releases/tag/v0.60.0]
 ** [https://github.com/ben-manes/gradle-versions-plugin/releases/tag/v0.61.0]
 * owasp dependency-check plugin: [https://github.com/dependency-check/DependencyCheck/releases/tag/v13.0.0]
 * spotbugs gradle plugin: [https://github.com/spotbugs/spotbugs-gradle-plugin/releases/tag/6.5.10]
 * swagger:
 ** [https://github.com/swagger-api/swagger-core/releases/tag/v2.2.53]
 ** [https://github.com/swagger-api/swagger-core/blob/v2.2.53/modules/swagger-gradle-plugin/README.md]

----
h3. Additional notes and details about Gradle plugin version updates:
{panel:title=1. Spotless gradle plugin|borderStyle=dashed|borderColor=#cccccc|titleBGColor=#f7d6c1|bgColor=#ffffce}
Plugin issue [https://github.com/diffplug/spotless/issues/2850] is still pending (hence these version bump should be tested thoroughly (see test procedure below)
 * KAFKA-20182 and related GitHub PR's:
 ** [https://github.com/apache/kafka/pull/22012]
 ** [https://github.com/apache/kafka/pull/22025]

(!) *Test procedure (note: must be done locally):*
 # *./gradlew build -x test* passes (/) (spotlessCheck + checkstyle +
spotbugs + compile all)
 # run in a loop (hundreds of times): *./gradlew spotlessApply --rerun-tasks --no-build-cache*
 ** note: for loop testing I created this script --> {*}_repeatUntilBuildFails.sh_{*}:
{code:java}
#!/bin/bash

counter=0
while ./gradlew clean spotlessApply --rerun-tasks --no-build-cache; do
    ((counter++))
    echo ""**************************************************************************""
    echo ""### Build succeeded (execution number: $counter) -->> running again... ###""
    echo ""**************************************************************************""
done

((counter++))
echo "">>> Build failed on execution number: $counter at $(date) <<<""
{code}

*Note: test procedure taken from here (see commit messages):*
 * [https://github.com/apache/kafka/commit/7aaf4de8207dda7809735597383d3771810a4385]
 * [https://github.com/apache/kafka/commit/2327e51926d666d979f8363dedf0894390430a7c]{panel}
{panel:title=2. Gradle-versions-plugin|borderStyle=dashed|borderColor=#cccccc|titleBGColor=#f7d6c1|bgColor=#e7ffce}
*Rationale:*
 * I tried to update jacoco version (0.8.14 -->> 0.8.15) but stumbled upon on (turns out not to be an) issue: [https://github.com/ben-manes/gradle-versions-plugin/issues/1028]; however gradle-versions-plugin team covered this case in docs (they added a new section in their `README.md`):
 ** [https://github.com/ben-manes/gradle-versions-plugin/pull/1030]
 ** [https://github.com/ben-manes/gradle-versions-plugin/releases/tag/v0.57.0]
 * Upon testing plugin version 0.57.0, I filed another ticket: [https://github.com/ben-manes/gradle-versions-plugin/issues/1032] and while this was a non-issue (yet again) gradle-versions-plugin developers used my report and Kafka codebase to improve output for their `dependencyUpdates` task:
 ** [https://github.com/ben-manes/gradle-versions-plugin/pull/1035]
 ** [https://github.com/ben-manes/gradle-versions-plugin/pull/1036]
 ** [https://github.com/ben-manes/gradle-versions-plugin/releases/tag/v0.58.0]{panel}
{panel:title= 3. OWASP dependency-check plugin: >>> Note: will be handled elsewhere ! <<< |borderStyle=dashed|borderColor=#cccccc|titleBGColor=#f7d6c1|bgColor=#aae1ef}
Plugin version 13.0.0 gradle tasks fail without valid NVD API key (see below); *this issue will be solved in a soon-to-be-released 13.0.1 patch* ([https://github.com/dependency-check/DependencyCheck/milestone/107]):
 * [https://github.com/dependency-check/DependencyCheck/issues/8715]
 * [https://github.com/dependency-check/DependencyCheck/pull/8716]

Note: it seems this 13.0.0 issue is a regression (that has a workaround -->> [https://github.com/dependency-check/DependencyCheck/issues/8424#issuecomment-4253850117]):
{code:java}
./gradlew dependencyCheckPurge dependencyCheckUpdate

> Configure project :
Starting build with version 4.4.0-SNAPSHOT (commit id 535dce1e) using Gradle 9.6.1, Java 25 and Scala 2.13.18
Build properties: ignoreFailures=false, maxParallelForks=8, maxScalacThreads=8, maxTestRetries=0

> Task :dependencyCheckUpdate
Error updating the NVD Data
org.owasp.dependencycheck.data.update.exception.UpdateException: Error updating the NVD Data
        at org.owasp.dependencycheck.data.update.NvdApiDataSource.processApi(NvdApiDataSource.java:387)   
...
        at java.base@25.0.4/java.lang.Thread.run(Thread.java:1474)
Caused by: io.github.jeremylong.openvulnerability.client.nvd.NvdApiException: Invalid API Key, length of 0 too short to provided a masked partial key
        at io.github.jeremylong.openvulnerability.client.nvd.NvdCveClient._next(NvdCveClient.java:436)
        at io.github.jeremylong.openvulnerability.client.nvd.NvdCveClient.next(NvdCveClient.java:356)
        at org.owasp.dependencycheck.data.update.NvdApiDataSource.processApi(NvdApiDataSource.java:343)
        ... 141 more

> Task :dependencyCheckUpdate FAILED

[Incubating] Problems report is available at: file:///home/dejan/kafka/build/reports/problems/problems-report.html

FAILURE: Build failed with an exception.

* What went wrong:
Execution failed for task ':dependencyCheckUpdate' (registered by plugin 'org.owasp.dependencycheck').
> Error updating the NVD Data

* Try:
> Run with --stacktrace option to get the stack trace.
> Run with --info or --debug option to get more log output.
> Get more help at https://help.gradle.org.

Deprecated Gradle features were used in this build, making it incompatible with Gradle 10.

You can use '--warning-mode all' to show the individual deprecation warnings and determine if they come from your own scripts or plugins.

For more on this, please refer to https://docs.gradle.org/9.6.1/userguide/command_line_interface.html#sec:command_line_warnings in the Gradle documentation.

BUILD FAILED in 51s
8 actionable tasks: 2 executed, 6 up-to-date
{code}
{panel}",Gradle|buid|gradle|jacoco|reporting|swagger|update,build,Task,Resolved,2026-07-28T12:40:42.000+0000,2026-09-18T11:14:29.000+0000
KAFKA-20848,Consider to surface group-level misconfigurations client side,"With the new KIP-848 based consumer/share/streams groups, many configs moved from the client into the broker.

Some of these config are sent back to the client (as the client really uses them), and we recently started to log them ([https://github.com/apache/kafka/pull/22749] and [https://github.com/apache/kafka/pull/22730]) for improved observability.

However, there is a few more configs which have broker defaults plus group level overwrites, and they are not visible on the client (only describe-config or describe-group would reveal them). At the same time, the broker might overwrite group-level config (clamping to min/max for example), what is not visible either on the client.

For Kafka Streams, we have one hybrid config (client + broker combination) ([https://github.com/apache/kafka/pull/22213]) and introduced and error code in the StreamsHeartbeatResponse to surface a misconfiguration client side.

The ides of this ticket is, to do a similar thing for _all_ group level configs. We would add _all_ effective group config to the HB response for logging, with relogging if changed. Additionally, if a value is clamped, and the set group-config is not the effective config, we return some error code, allowing the client to also log a WARNING about it.

This would be a protocol change, so thus we need a KIP.",needs-kip,clients|consumer|group-coordinator|streams,Improvement,Open,2026-07-28T05:31:58.000+0000,2026-07-28T05:34:22.000+0000
KAFKA-20841,"CoordinatorLoaderImpl can read past bounded FileRecords slices with preallocated logs, causing CorruptRecordException and FAILED group-coordinator shards","h2. Summary

{{CoordinatorLoaderImpl.toReadableMemoryRecords}} can read beyond the logical
end of the bounded {{FileRecords}} returned by {{LogSegment.read}}. The loader
obtains {{fileRecords.sizeInBytes()}}, but allocates or reuses a buffer of at
least {{loadBufferSize}}, clears it to full capacity, and calls
{{FileRecords.readInto(buffer, 0)}} without limiting the destination to the
logical slice size. {{readInto}} delegates to {{Utils.readFully}}, which reads
from the underlying channel until the buffer is full or physical EOF — the
slice's logical end is never enforced.

With {{log.preallocate=true}}, a freshly rolled active segment has physical
extent beyond its logical end, and the excess region is zero-readable. When
the logical slice is smaller than the destination buffer, the copy can
continue past the slice end into that region; {{MemoryRecords}} iteration then
interprets the zeros as a batch header and throws:

{code}
CorruptRecordException: Record size 0 is less than the minimum record overhead (14)
{code}

even when the logical records in the bounded slice are valid. In the 4.x
coordinator runtime this failure transitions the shard to FAILED. No new
load is scheduled at the same partition epoch; a higher leader epoch or a
process restart creates a new load attempt — and an unremediated replica
can fail that attempt again. Meanwhile {{GroupCoordinatorService.listGroups}}
converts the failed shard's {{NotCoordinatorException}} into an empty list,
so the affected groups silently disappear from
{{kafka-consumer-groups --list}}.

This appears closely related to KAFKA-13664, which reported the same
preallocation-triggered exception and an over-read into zero-readable file
space in the legacy coordinator. In the 4.x runtime, the additional
observed consequence is a same-epoch-sticky FAILED shard, together with
the ListGroups behavior described above.

h2. Environment

* Observed on Confluent Platform 8.2.1 (Apache Kafka 4.2 line), KRaft mode
* Observed broker banner: {{Kafka version: 8.2.1-ccs}}, commit {{943bf3de3264ec138d5d3025ce3816486d3351ab}}
* The relevant source files in that build were compared with Apache Kafka 4.2.0 and found identical; the same missing slice limit is present on Apache trunk at commit {{2699fc40748da5ce9dc4b6aac41687fbc603ab1d}} (2026-07-24)
* {{log.preallocate=true}} (non-default), {{offsets.topic.segment.bytes=104857600}}, 50 {{__consumer_offsets}} partitions, RF=3, default {{offsets.load.buffer.size}} (5242880)
* Java version: OpenJDK 23.0.2; OS/kernel: Linux 6.8.0-134-generic; log filesystem: XFS (NVMe)
* Broker stop mode during the observed recoveries: graceful (systemd)

h2. Expected vs actual behavior

{code}
Expected:
CoordinatorLoaderImpl copies and parses only the bytes inside the bounded
FileRecords result.

Actual:
When the destination buffer is larger than the bounded result, readInto can
continue beyond the slice end to physical EOF or the buffer limit, causing
preallocated zeros to be parsed as another record batch.
{code}

h2. Mechanism (source references)

Permalinks (Apache Kafka 4.2.0 unless noted):

* [CoordinatorLoaderImpl.java @ 4.2.0|https://github.com/apache/kafka/blob/4.2.0/coordinator-common/src/main/java/org/apache/kafka/coordinator/common/runtime/CoordinatorLoaderImpl.java]
* [CoordinatorLoaderImpl.java @ trunk 2699fc40|https://github.com/apache/kafka/blob/2699fc40748da5ce9dc4b6aac41687fbc603ab1d/coordinator-common/src/main/java/org/apache/kafka/coordinator/common/runtime/CoordinatorLoaderImpl.java]
* [FileRecords.java @ 4.2.0|https://github.com/apache/kafka/blob/4.2.0/clients/src/main/java/org/apache/kafka/common/record/FileRecords.java]
* [ByteBufferLogInputStream.java @ 4.2.0|https://github.com/apache/kafka/blob/4.2.0/clients/src/main/java/org/apache/kafka/common/record/ByteBufferLogInputStream.java]
* [CoordinatorRuntime.java @ 4.2.0|https://github.com/apache/kafka/blob/4.2.0/coordinator-common/src/main/java/org/apache/kafka/coordinator/common/runtime/CoordinatorRuntime.java]

# {{CoordinatorLoaderImpl.doLoad}} reads with {{log.read(currentOffset, loadBufferSize, FetchIsolation.LOG_END, true)}} and converts the result via {{toReadableMemoryRecords}}.
# In the conversion, {{bytesNeeded = Math.max(loadBufferSize, sizeInBytes)}}; the buffer is allocated or reused, {{buffer.clear()}} restores limit = capacity, and {{fileRecords.readInto(buffer, 0)}} is called. No {{buffer.limit(sizeInBytes)}} is applied in either branch.
# {{FileRecords.readInto}} → {{Utils.readFully(channel, buffer, position)}} loops until the buffer has no remaining capacity or the channel hits EOF. The {{FileRecords}} slice's {{end}} is not consulted.
# {{ByteBufferLogInputStream.nextBatchSize}} reads the size field of the next ""batch"" in the copied zeros and throws the CorruptRecordException above.
# Segment lifecycle explains why the failure is intermittent: {{FileRecords.close()}} performs {{flush(); trim()}}, and {{LogSegment.onBecomeInactiveSegment()}} trims on roll — so inactive and gracefully-closed files carry no zero tail. A directly vulnerable geometry is a *newly rolled, preallocated active segment* combined with a destination buffer whose remaining capacity exceeds the logical slice size (a final logical slice smaller than the destination buffer is the common case; a reused buffer previously enlarged past {{loadBufferSize}} widens the exposure).

h2. Production observation (one incident day, summarized)

During a maintenance-window leadership reshuffle, 25 coordinator loads
failed across three brokers in four election waves — every failure with the
exact message above. 12 shards received no higher epoch and stayed FAILED
for up to ~4 h 13 min; the affected consumer groups received
NOT_COORDINATOR, and {{--list}}-based tooling showed them as absent.

No durable logical-record corruption was observed: every previously failed
partition later replayed successfully (all 41 successful loads in the same
windows completed normally — 0.1-4.2 s, 44k-656k records). The exact file
and slice geometry at the failure instant was not captured before restart.
{{FileRecords.close()}} trims the physical file to its logical size, which is
consistent with every observed post-restart load succeeding.

Sanitized log excerpts (broker ids retained, hosts removed):

{code}
[2026-07-17 09:04:51,377] INFO [GroupCoordinator id=10] Scheduling loading of metadata from __consumer_offsets-35 with epoch 689 (org.apache.kafka.coordinator.common.runtime.CoordinatorRuntime)
[2026-07-17 09:04:53,797] ERROR [GroupCoordinator id=10] Failed to load metadata from __consumer_offsets-35 with epoch 689 due to Record size 0 is less than the minimum record overhead (14). (org.apache.kafka.coordinator.common.runtime.CoordinatorRuntime)
org.apache.kafka.common.errors.CorruptRecordException: Record size 0 is less than the minimum record overhead (14)
{code}

After the immediate failure-handling unload lines, no further coordinator
activity for that partition occurs until the broker restart approximately
two hours later. After restart, the same partition loads cleanly:

{code}
[2026-07-17 11:19:52,386] INFO [GroupCoordinator id=10] Finished loading of metadata from __consumer_offsets-35 with epoch 691 in 674ms where 558ms was spent in the scheduler. Loaded 65743 records which total to 10931884 bytes. (org.apache.kafka.coordinator.common.runtime.CoordinatorRuntime)
{code}

Startup configuration dump confirms {{log.preallocate = true}}.

Full (sanitized) journald archives of the incident are available on request.

h2. Reproduction status

*Reproduced standalone on 2026-07-24* with a ~70-line program against the
official {{kafka-clients-4.2.0}} artifact from Maven Central (OpenJDK 21,
macOS/APFS — the same mechanism thus reproduces on a platform distinct
from the production Linux/XFS environment). The program mirrors the
relevant first-fetch allocation branch of {{toReadableMemoryRecords}}
(the method itself is private and lives in the coordinator-common
artifact); the mirrored allocate/{{readInto}} lines are byte-identical to
{{CoordinatorLoaderImpl.toReadableMemoryRecords}} at 4.2.0 and current trunk,
so this exercises the same defective sequence the coordinator runs. Setup:
{{FileRecords.open(file, mutable=true, fileAlreadyExists=false, initFileSize=104857600, preallocate=true)}};
one valid 3-record batch appended (94 logical bytes; physical file
104,857,600 bytes); bounded {{slice(0, 94)}}; conversion with
{{loadBufferSize=5242880}}.

Result:

{code}
logical size = 94 bytes, physical file = 104857600 bytes (zero tail = 104857506)
--- PHASE 1: current loader conversion (no limit) ---
  bytes copied into buffer: 5242880
PHASE 1 REPRODUCED: Record size 0 is less than the minimum record overhead (14)
--- PHASE 2: with buffer.limit(sizeInBytes) fix ---
  bytes copied into buffer: 94
PHASE 2 FIX VERIFIED: iterated cleanly, records = 3
--- PHASE 3: preallocate=false workaround, defective conversion ---
logical = 94, physical = 94 (no tail)
  bytes copied into buffer: 94
PHASE 3 WORKAROUND VERIFIED: defective conversion iterated cleanly, records = 3
{code}

Phase 3 verifies the operator workaround's core mechanism: with
{{preallocate=false}} the file has no zero tail, so the same unbounded
conversion is naturally bounded by physical EOF and completes cleanly.

The reproduction source ({{ReproTest.java}}) is attached. Not yet run: an
integration-level reproduction ({{__consumer_offsets}} with
{{preallocate=true}}, segment roll and leadership movement) and the
reused-enlarged-buffer variant.

h2. Suggested fix

Minimal, backportable — one line inserted immediately before the existing
{{readInto}} in {{toReadableMemoryRecords}}. It covers both the allocate and
reuse branches (both reach this call), and since {{bytesNeeded >= sizeInBytes}}
the new limit is always {{<= capacity}}:

{code:java}
        // ... allocate-or-reuse of `buffer` unchanged ...
        buffer.limit(sizeInBytes);   // added: bound the copy to the logical slice
        fileRecords.readInto(buffer, 0);
{code}

A broader alternative is to make {{FileRecords.readInto}} clamp to
{{min(buffer.remaining(), sizeInBytes() - position)}} so the slice
abstraction is robust for all callers; that has a wider compatibility
surface and needs call-site auditing.

Additional regression coverage beyond the executed reproduction above: a
reused buffer previously enlarged past {{loadBufferSize}}, an empty slice, a
slice with non-zero start, and an integration test with
{{__consumer_offsets}}, {{preallocate=true}}, segment roll and leadership
movement.

Separately worth considering: a bounded same-epoch retry for retriable
load exceptions, and having ListGroups distinguish an unavailable shard
from an empty one. These are not required to fix the slice-boundary defect
and can be tracked separately.

h2. Related issue

Related issue: KAFKA-13664. We will add a reciprocal reference there if
this is retained as a separate issue; maintainers may instead prefer to
treat this as a continuation or duplicate.

h2. Workarounds for operators (until fixed)

* Set {{preallocate=false}} as a topic-level override on {{__consumer_offsets}} (dynamic); note that existing preallocated tails persist until files are closed/rolled, so a controlled rolling restart completes the mitigation. (Core mechanism verified standalone — reproduction Phase 3.)
* Monitor the Kafka metric {{num-partitions}} in the group coordinator metrics group with tag {{state=failed}} (> 0 alert); the exact JMX/exporter spelling depends on the deployment. The state is otherwise easy to miss because ListGroups masks it. (Gauge existence and state transitions are source-verified in {{CoordinatorRuntimeMetricsImpl}}; the corresponding JMX ObjectName derived from that source is {{kafka.server:type=group-coordinator-metrics,name=num-partitions,state=failed}}.)
* A new load can be triggered by a higher leader epoch or by restarting the current leader. Moving leadership to another unremediated replica may reproduce the same failure. (Production-observed: 13 higher-epoch reloads succeeded elsewhere, all 12 wedged shards healed on restart, and same-partition re-failures occurred on unremediated replicas.)
",coordinator|preallocate,group-coordinator,Bug,Open,2026-07-27T10:20:39.000+0000,2026-09-22T03:22:37.000+0000
KAFKA-20836,Documentation for header-full StreamPartitioner,"follow-up for https://issues.apache.org/jira/browse/KAFKA-20197

KIP: [https://cwiki.apache.org/confluence/spaces/KAFKA/pages/421956773/KIP-1321+Headers+aware+StreamPartitioner]

Code changes PR: https://github.com/apache/kafka/pull/22570",kip,streams,Task,Open,2026-07-26T08:15:34.000+0000,2026-07-26T08:21:15.000+0000
KAFKA-20833,API-Contract Annotations for Nullity/Thread Safety,"Kafka's null-safety and thread-safety contracts live only in Javadoc, so nothing enforces them. We should consider adopting standard annotations for it.

See https://cwiki.apache.org/confluence/spaces/KAFKA/pages/440304999/KIP-1369+API-Contract+Annotations+for+Nullity+Thread+Safety",kip,build,Improvement,Open,2026-07-24T14:02:16.000+0000,2026-07-24T17:13:20.000+0000
KAFKA-20823,Relax null-value restriction in Kafka Streams joins,"Historically, Kafka Streams DSL treats `null` keys or values as malformed data in certain cases, and this is still the right thing to do for many operators.

With KIP-962 ([https://cwiki.apache.org/confluence/spaces/KAFKA/pages/263426175/KIP-962+Relax+non-null+key+requirement+in+Kafka+Streams]) we lifted some constraints for case in which it does make sense for null-keys.

I believe, we could lift even more restrictions for null-values in KStreams and leftJoins (at least left-stream-table joins – not sure about left/outer stream-stream join – we want to avoid ambiguity of `null` with could also mean ""record does not exist"" what is semantically different to ""record exists but has null-value"").

If the left (ie, KStream record) value is null, we could still produce a left-join result (it's an open question if we would call the KeyValueMapper for stream-globalTable case or not for this case – note, that for stream-globalTable join, we already allow KeyValueMapper to also return null, and produce a leftJoin result for this case – this is the exact same line of thinking).",needs-kip,streams,Improvement,Open,2026-07-21T23:20:00.000+0000,2026-07-24T17:37:38.000+0000
KAFKA-20801,KIP-1366: Configurable Segment Interval for Window and Session Stores,"implementation of [https://cwiki.apache.org/confluence/spaces/KAFKA/pages/440304328/KIP-1366+Configurable+Segment+Interval+for+Window+and+Session+Stores]

This adds a public API to set segmentSize explicitly for segmented Window and Session Stores",kip,streams,Improvement,Open,2026-07-13T13:13:59.000+0000,2026-07-13T19:42:10.000+0000
KAFKA-20788,Expose Rebalance Cause to RebalanceConsumer and Metrics,"A Kafka consumer client today cannot tell why a rebalance happened without grepping logs. The rebalance trigger can help with triaging:
 * {{max.poll.interval.ms}} exceeded implies misconfig or delayed poll loop;
 * Member fencing points at session timeout
 * Coordinator-initiated rebalances are regular occurrences due to join and leave requests.
 * Application calls to {{Consumer.enforceRebalance()}} are expected and the application owns the context.

Existing rebalance metrics describe frequency and latency but carry no cause dimension:

{\{rebalance-rate-per-hour, rebalance-latency-{avg,max}, rebalance-total
last-rebalance-seconds-ago, last-poll-seconds-ago}}

A spike in {{rebalance-rate-per-hour}} cannot be narrowed without consumer logs.

 

KIP: [https://cwiki.apache.org/confluence/spaces/KAFKA/pages/440304013/KIP-1364+Expose+Rebalance+Cause+to+RebalanceConsumer+and+Metrics]",kip,clients,New Feature,Open,2026-07-08T21:10:06.000+0000,2026-07-08T21:19:32.000+0000
KAFKA-20787,Implement KIP-1340: Expose Both Mapped Key and Stream Key in Streams-GlobalKTable Joins,Implement coding part for https://cwiki.apache.org/confluence/spaces/KAFKA/pages/421958552/KIP-1340+Expose+Both+Mapped+Key+and+Stream+Key+in+Streams-GlobalKTable+Joins,kip,streams,Task,Resolved,2026-07-08T20:59:12.000+0000,2026-07-20T16:54:40.000+0000
KAFKA-20770,"LocalLeaderEndPoint returns leader epoch 0 instead of -1 when the epoch cannot be resolved, inconsistent with the ListOffsets-based path","LocalLeaderEndPoint (used by ReplicaAlterLogDirsThread) and RemoteLeaderEndPoint (used by ReplicaFetcherThread) implement the same LeaderEndPoint contract, but they disagree on what leader epoch to report when the epoch for an offset cannot be resolved from the leader epoch cache.

The remote path goes through ListOffsets: UnifiedLog#fetchEarliestPendingUploadOffset leaves the epoch unset when LeaderEpochFileCache#epochForOffset returns empty, ReplicaManager only sets the response leaderEpoch when present, and the ListOffsetsResponse schema default is -1 (NO_LEADER_EPOCH). So RemoteLeaderEndPoint reports epoch -1, meaning ""unknown"".

The local path instead fabricates epoch 0: fetchEarliestPendingUploadOffset in core/src/main/scala/kafka/server/LocalLeaderEndPoint.scala ends with epoch.orElse(0), and the sibling methods fetchEarliestOffset, fetchLatestOffset and fetchEarliestLocalOffset use the same orElse(0) fallback. Note that fetchEarliestPendingUploadOffset also returns fetchEarliestOffset's result wholesale in its ""no segments have been uploaded yet"" branch, so the fabricated epoch 0 can leak out of the pending-upload API through that branch as well.

This matters because the epoch returned by these methods is consumed by TierStateMachine#buildRemoteLogAuxState, which treats it as meaningful: epoch 0 short-circuits the earlier-epoch lookup (""no need to fetch from earlier epoch""), while any other value drives an OffsetsForLeaderEpoch probe and an epoch-based remote log segment metadata lookup (fetchRemoteLogSegmentMetadata(topicPartition, targetEpoch, offset)). A fabricated 0 therefore claims the first leader epoch rather than admitting the epoch is unknown, and the two fetcher paths behave differently for identical log state.

In practice the fallback is hard to hit on a healthy broker, because message format v2 always populates the epoch cache and LeaderEpochFileCache#truncateFromStart clamps the first entry to the log start offset, so epochForOffset resolves for any offset at or above logStartOffset. It becomes reachable when the leader epoch cache is empty or truncated above the queried offset (for example after checkpoint loss or corruption). Even then the consequence is a misleading epoch handed to TierStateMachine rather than data loss, hence Minor priority. The main goal of this fix is correctness and consistency between the two LeaderEndPoint implementations.

Identified by code inspection on trunk while comparing the two implementations introduced/extended by KIP-1023 (KAFKA-15433, shipped in 4.3.0), and confirmed with unit tests. The existing tests in LocalLeaderEndPointTest did not catch this because they computed the expected epoch using the same epochForOffset(...).orElse(0) expression as the production code.

Proposed fix: replace the orElse(0) fallback with orElse(UNDEFINED_EPOCH) (-1, org.apache.kafka.common.requests.OffsetsForLeaderEpochResponse.UNDEFINED_EPOCH, already imported in the file) in all four methods, matching the ListOffsets-based path. Behavior is unchanged whenever the epoch is resolvable. Also replace the tautological epoch expectations in LocalLeaderEndPointTest with concrete values and add tests covering a non-zero resolved epoch and the unresolvable-epoch case.",tiered-storage,core,Bug,Open,2026-07-04T07:45:20.000+0000,2026-08-20T05:37:33.000+0000
KAFKA-20769,ListDeserializer can silently deserialize a corrupted entry when the input is truncated mid-entry,"ListDeserializer.deserialize relies on DataInputStream.read(byte[]) to read each list entry's payload and only treats a -1 return value as a truncated stream. However, InputStream.read(byte[]) is only required to read at least one byte and may return a partial count without reaching EOF. When the serialized data is truncated in the middle of an entry, the entry buffer is left zero-padded and is passed to the inner deserializer with no error, silently producing a corrupted value instead of failing.

Affected code in clients/src/main/java/org/apache/kafka/common/serialization/ListDeserializer.java (present since 2.7.0 / KAFKA-8326, still on trunk):

      byte[] payload = new byte[entrySize];
      if (dis.read(payload) == -1) {
          log.error(""Ran out of bytes in serialized list"");
          log.trace(""Deserialized list so far: {}"", deserializedList);
          throw new SerializationException(""End of the stream was reached prematurely"");
      }
      deserializedList.add(inner.deserialize(topic, headers, payload));

Why the existing bounds checks don't prevent it: readEntrySize rejects entrySize > data.length, but data.length is the size of the whole buffer, not the bytes remaining after the strategy flag, null-index list, list size, and prior entries have been consumed. A crafted or corrupted payload can therefore declare an entrySize that passes the bounds check yet
exceeds the actual remaining bytes. 
In that case:
  - 0 bytes remaining and entrySize > 0: read returns -1, so SerializationException is thrown (correct).
  - 1 to entrySize-1 bytes remaining (truncated mid-entry): read copies a partial payload and returns a positive count (not -1), the EOF check passes, the trailing bytes stay zero-filled, and the corrupted/zero-padded buffer is handed to inner.deserialize(...) with no error.

Impact: on corrupted or truncated ListSerde data, the deserializer can return a silently mangled element instead of raising SerializationException. This defeats the method's own truncation detection (the ""End of the stream was reached prematurely"" path).

Fix: use DataInputStream.readFully(byte[]), which throws EOFException when it cannot fill the buffer; map that to the existing SerializationException. Behavior is unchanged for
well-formed data and for fully-empty streams.

How it was found: identified by code inspection of ListDeserializer.deserialize on trunk (4.4.0-SNAPSHOT) and confirmed with a unit test. The defective line is unchanged since
2.7.0
(KAFKA-8326), so all releases on the current line are affected; it was not reproduced against a packaged release binary.

 
Reproduction (unit test): encode VARIABLE_SIZE, list length 1, entrySize == 10, but supply only 5 payload bytes (total buffer 14 bytes, so the entrySize > data.length check passes).
Before the fix no exception is thrown and a zero-padded entry is produced; after the fix a SerializationException (""End of the stream was reached prematurely"") is raised.",serialization,clients,Bug,Resolved,2026-07-04T07:23:51.000+0000,2026-07-24T05:40:22.000+0000
KAFKA-20744,Add back `rack.aware.assignment.tags` config,"KIP-1017 ([KIP-1071: Streams Rebalance Protocol|https://cwiki.apache.org/confluence/spaces/KAFKA/pages/311627992/KIP-1071+Streams+Rebalance+Protocol]) proposed to deprecate and remove the Kafka Streams config `rack.aware.assignment.tags`. This is correct by itself, but incomplete, because we need this config broker side.

So far, it was no a problem because rack-aware standby task assignment was not implemented yet, and while KIP-1071 is already GA with 4.2.0 release, it's not feature complete yet. 

The KIP was updated and corrected now. This ticket is about closing this broker side gap, and add `rack.aware.assignment.tags` as broker and group-level config.

After this ticket is resolved, assignors can use the rack information to assign standby tasks in a rack-aware manner. This will be follow up work not covered by this ticket.",kip,streams,Improvement,Resolved,2026-06-26T19:39:24.000+0000,2026-08-06T19:40:27.000+0000
KAFKA-20735,"Streams logs ERROR ""Failed to acquire lock while closing the state store"" for lock contention during back-to-back rebalances","_Summary_

With the state updater enabled, Kafka Streams logs an ERROR when it cannot acquire a task's state-directory lock while closing the state manager:
{code:java}
stream-thread [-StreamThread-N] standby-task [1_42] Failed to acquire lock while closing the state store for STANDBY task 1_42 {code}
This occurs during normal operation - typically when two rebalances happen in quick succession and the lock is still held elsewhere as the task is moved off the thread. It is harmless (no data loss, no stuck lag), but being at ERROR it pollutes error-based alerting and cannot be filtered without disabling the whole logger.

_Background / prior discussion_

This was discussed on PR [https://github.com/apache/kafka/pull/12875] (which introduced both the INFO ""reattempt"" log on the init path and this ERROR log on the close path, under KAFKA-12679). In that thread [~cadonna] confirmed both messages are harmless and explained the timing (lock still held by another stream thread on the same client / two fast consecutive rebalances). The init path already has a backoff/retry mechanism (PRs #17116, #17209, present in 3.9.1), but the close-path ERROR remains. [~lucasbru] requested this JIRA be filed.

_Proposed change_

Preferred (per the PR discussion): before attempting to acquire the lock to close the state store, check whether the store / state manager is still open, and skip the lock-and-close attempt (and the ERROR log) when there is nothing to close. This avoids the misleading error without losing signal for genuinely unexpected failures.

_How to reproduce_

Run a multi-instance Streams app with num.standby.replicas >= 1 and num.stream.threads > 1, state updater enabled, and trigger frequent/successive rebalances (rolling restarts, scaling, pod eviction). Observe the ERROR above with no accompanying task failure or lag.

References

PR & discussion: [https://github.com/apache/kafka/pull/12875]",logging|states|streams,streams,Improvement,Resolved,2026-06-24T13:50:31.000+0000,2026-09-15T17:43:52.000+0000
KAFKA-20728,Post-Quantum Cryptography (PQC) TLS Readiness: Add setNamedGroups() and ssl.named.groups configuration (ref: CAMEL-23154),"h2. Context: Regulatory Deadline

France's ANSSI will *stop certifying security products without post-quantum cryptography starting in 2027* - the first hard regulatory deadline globally.

Source: [The Quantum Threat to Encryption Is Coming. France Just Set a 2027 Deadline|https://gizmodo.com/the-quantum-threat-to-encryption-is-coming-france-just-set-a-2027-deadline-2000773650]

Additional mandates:
* *US NSA CNSA 2.0:* PQC required for national security systems by 2027
* *NIST IR 8547:* Classical asymmetric cryptography deprecated by 2030, disallowed by 2035
* *EU:* Critical infrastructure PQC transition targeted by 2030

Kafka is deployed across government, defense, financial, and healthcare environments worldwide. This ticket proposes adding PQC TLS readiness to Apache Kafka.

h2. The Concrete Gap

Apache Camel fixed this identical gap in [CAMEL-23154|https://issues.apache.org/jira/browse/CAMEL-23154] (resolved in Camel 4.19.0, April 2026). The fix: add {{SSLParameters.setNamedGroups()}} support so that PQC hybrid TLS key exchange algorithms like {{X25519MLKEM768}} (defined in [JEP 527|https://openjdk.org/jeps/527]) can be negotiated.

*Kafka has the same gap:*

* Kafka's {{SslFactory}} / {{SslEngineBuilder}} does *not* call {{SSLParameters.setNamedGroups()}}
* There is *no* {{ssl.named.groups}} broker or client configuration parameter
* Even on JDK 24+ (which ships ML-KEM via JCA), Kafka cannot negotiate PQC key exchange because the named groups are never set
* The JVM system property {{jdk.tls.namedGroups}} could work as a workaround but is undocumented and untested by the Kafka project

h2. Proposed Changes

h3. Phase 1: Enable PQC Key Exchange
* Add {{SSLParameters.setNamedGroups()}} call in {{SslEngineBuilder}} (analogous to [CAMEL-23154|https://issues.apache.org/jira/browse/CAMEL-23154])
* Add {{ssl.named.groups}} broker and client configuration parameter
* Default value: let JVM choose (preserves backward compatibility)
* Example config: {{ssl.named.groups=X25519MLKEM768,X25519,secp256r1,secp384r1}}

h3. Phase 2: Validation & Documentation
* Validate broker-to-broker and client-to-broker TLS 1.3 with {{X25519MLKEM768}} on JDK 24+
* Document PQC TLS configuration
* Add integration tests verifying hybrid PQC key exchange
* Measure performance impact of PQC handshakes

h3. Phase 3: JDK 27 Readiness (September 2026)
* [JEP 527|https://openjdk.org/jeps/527] enables {{X25519MLKEM768}} *by default* on JDK 27
* Ensure Kafka's TLS stack does not inadvertently block this default
* Test and officially support JDK 24+

h2. Why This Matters Now

The ""harvest now, decrypt later"" threat means adversaries are already capturing encrypted Kafka traffic with the intent to decrypt it when quantum computers arrive. For organizations handling classified, financial, or health data, PQC TLS is an immediate risk, not a future concern.

Confluent Cloud has a [PQC roadmap|https://www.confluent.io/blog/confluent-cloud-post-quantum-cryptography-roadmap/] targeting 2030, but the open-source Apache Kafka project has zero PQC tracking or work. This leaves the vast majority of Kafka deployments (self-hosted, on-prem, non-Confluent) without a migration path.

h2. NIST Standards Reference

||Standard||Algorithm||Purpose||
|FIPS 203|ML-KEM (Kyber)|Key Encapsulation Mechanism|
|FIPS 204|ML-DSA (Dilithium)|Digital Signatures|
|FIPS 205|SLH-DSA (SPHINCS+)|Hash-based Signatures|

h2. References

* [France ANSSI 2027 Deadline|https://gizmodo.com/the-quantum-threat-to-encryption-is-coming-france-just-set-a-2027-deadline-2000773650]
* [Apache Camel CAMEL-23154 (same fix)|https://issues.apache.org/jira/browse/CAMEL-23154]
* [JEP 527 — Post-Quantum Key Exchange for TLS 1.3|https://openjdk.org/jeps/527]
* [NIST FIPS 203 (ML-KEM)|https://csrc.nist.gov/pubs/fips/203/final]
* [NIST IR 8547 — Transition to PQC|https://csrc.nist.gov/pubs/ir/8547/final]
* [Confluent Cloud PQC Roadmap (Cloud-only)|https://www.confluent.io/blog/confluent-cloud-post-quantum-cryptography-roadmap/]
* [Bouncy Castle PQC|https://www.bouncycastle.org/resources/latest-nist-pqc-standards-and-more-bouncy-castle-java-1-79/]


I'm happy to raise the PR for this issue.",needs-kip,clients|core|security,Improvement,Open,2026-06-22T21:24:03.000+0000,2026-09-18T10:07:18.000+0000
KAFKA-20709,Add built-in SMT for header-based topic routing in Kafka Connect / MirrorMaker 2 with configurable priority across multiple headers,"Routing messages from a single source topic to multiple destination topics based on configurable Kafka record headers, with priority ordering when multiple headers are present, is not available natively in Apache Kafka today.

*Requirement:*

A built in SMT under mirror maker, one that reads a record header's value and uses it to determine the destination topic.

*Motivation:*

Modern data platforms increasingly need to route records based on metadata carried on the record itself, rather than on topic names or timestamps alone. Required capabilities - 
 * Multi-tenant Kafka platforms that need per-tenant topic isolation driven by tenant-id headers
 * Data protection regulations, requiring data segregation by classification, sensitivity, or residency.
 * Content classification pipelines where an upstream classifier writes its decision into a header and downstream routing must honor it.
 * Tiered processing pipelines that route records to different topics based on priority or SLA metadata.

 

 ",connect-transformation|mirror-maker,connect|mirrormaker,New Feature,In Progress,2026-06-17T05:38:45.000+0000,2026-07-26T04:15:34.000+0000
KAFKA-20692,Add unit tests for ToolsUtils,"ToolsUtils in the tools module has five public methods (printMetrics, prettyPrintTable, validateBootstrapServer, duplicates, minus) with no unit tests. This PR adds ToolsUtilsTest.java covering all public methods with positive and negative cases.",test-coverage,tools,Improvement,Open,2026-06-15T12:26:32.000+0000,2026-08-03T04:25:52.000+0000
KAFKA-20691,PersisterStateBatchCombiner.combineStateBatches() is O(n^2) worst-case; replace TreeSet-based iterative merge with single-pass sweep-line,"combineStateBatches() merges batchesSoFar + newBatches into a sorted, disjoint, (deliveryState, deliveryCount)-distinct cover clipped at SPSO. Pipeline:

pruneBatches drops/clips ranges below SPSO.
mergeBatches loads survivors into a TreeSet, repeatedly finds the first overlapping or contiguous-same-state pair.

Improvement area :

 iterative pairwise TreeSet merging. Simple contiguous same-state input is roughly O(n log n), but overlap-heavy inputs can trigger repeated split/reinsert rounds. The number of merge iterations is  data-dependent and can grow non-linearly, approaching O(n^2 log n) in pathological overlap cases.

 

User-visible as non-linear WriteShareGroupState latency when many small ack ranges accumulate per partition.

We can make it Time: O(n log n) (sort) + O ( n ) merge 
How:

Replace the TreeSet + iterative findMergeCandidatePair loop with a single-pass sweep-line over a sorted array:
1. Sort phase (O(n log n)): prune + sort into ArrayList
2. Sweep phase (O( n )",queue|queues-for-kafka,core,Bug,Open,2026-06-14T17:56:27.000+0000,2026-08-13T14:39:02.000+0000
KAFKA-20685,"EOS: checkpoint file written at restoration completion persists through RUNNING, state wipe is skipped after unclean crash","While crash testing our Streams app I found behavior that doesn't match the documented EOS state store model. Reproduced twice with SIGKILL tests, details below.

h3. Observed behavior (reproducible)

# After restoration completes, a {{.checkpoint}} file exists in the task directory and stays there unchanged for the whole RUNNING session. Frozen restore-time offsets, mtime never moves, verified on disk while processing around 16k rec/s.
# SIGKILL during active processing, zero grace period. On restart the instance finds that stale checkpoint, logs ""State store X initialized from checkpoint with offset ..."", no TaskCorruptedException, no wipe, and just replays the changelog tail (81,732 records in our test). Happened consistently across two independent kills.
# The wipe path (""State store did not find checkpoint offsets while stores are not empty..."") only fired in a different test where the crash happened during restoration itself, before any checkpoint entry existed.

h3. Expected behavior

Under EOS an unclean crash during RUNNING should hit the no-checkpoint path, throw TaskCorruptedException and wipe local state, because the store may contain uncommitted writes. RocksDBStore disables the WAL and Streams doesn't flush on commit under EOS, so RocksDB background memtable flushes can persist writes from a transaction that later gets aborted. The flushes don't know anything about transaction boundaries.

h3. Code paths (verified on the 4.1.2 tag)

* {{DefaultStateUpdater.maybeCompleteRestoration}} (line 678) calls {{task.maybeCheckpoint(true)}} (line 683) on restore completion with no EOS condition. {{DefaultStateUpdater.maybeCheckpointTasks}} (line 712) also calls {{task.maybeCheckpoint(false)}} (line 724) for all updating tasks every commit interval, again with no EOS condition.
* Nothing deletes that file on the restored to RUNNING transition. {{StreamTask.completeRestoration}} writes its own checkpoint only if {{!eosEnabled}}, which suggests the intent was that no checkpoint should exist past that point under EOS. The file written by the state updater just stays.
* During RUNNING under EOS, {{StreamTask.postCommit}} only checkpoints when {{enforceCheckpoint==true}} (suspend/close/rebalance), so the stale file never gets refreshed or removed in steady state.
* The only delete sites I could find: init time ({{ProcessorStateManager.initializeStoreOffsetsFromCheckpoint}}), resume from SUSPENDED ({{deleteCheckPointFileIfEOSEnabled}}, added by KAFKA-10362), and {{DefaultStateUpdater.removeCheckpointForCorruptedTask}}.

Net effect: the restoration-completion checkpoint survives the entire RUNNING session and gets trusted at the next init, so a crash during RUNNING silently skips the EOS wipe.

h3. Why this can violate EOS

The tail replay from the stale checkpoint runs read_committed, so it skips aborted records and cannot clean up uncommitted writes that a background memtable flush already pushed to SST files. Reprocessing of the uncommitted input offsets overwrites the leftover values only when the topology is deterministic and input record driven. State written by wall clock punctuators is never regenerated. And read-before-write logic is the worst case: dedup on an ID can read the leftover uncommitted value and silently skip the redelivered record, so exactly-once becomes zero-times with no error surfaced anywhere.

KIP-892's motivation section states that under EOS, crash failures must wipe task state because data is written to the store before the changelog commit completes. The observed behavior bypasses that wipe.

h3. History

Before the state updater became the default (KAFKA-10199, enabled by default via PR #16107), no checkpoint existed during RUNNING under EOS, so a RUNNING crash reliably triggered the wipe. The restoration-time checkpoint was added deliberately in PR #12279 (motivated by KAFKA-12634) with a safety argument scoped to crashes during restoration, where over-restore is idempotent. That argument doesn't extend to the RUNNING phase.

Reproduced on 4.1.2. Not yet tested on 4.3.0 where KIP-1035 reworks the offset storage.

h3. Related

KAFKA-10199, KAFKA-12634 (introduced restoration checkpointing), KAFKA-10362 (precedent: checkpoint deleted on resume under EOS for the same class of risk), KAFKA-16017 (related but different mechanism), KIP-892 (the durable fix, not yet released).

h3. Proposed fix

On the restored to RUNNING transition under EOS, delete the checkpoint file, mirroring what KAFKA-10362 did on the resume path with {{deleteCheckPointFileIfEOSEnabled()}}. This restores the invariant that no checkpoint exists during RUNNING under EOS. The cost is full restores after unclean RUNNING crashes, which is the cost KIP-892 eventually removes properly.",eos,streams,Bug,Resolved,2026-06-11T17:49:43.000+0000,2026-08-21T21:26:39.000+0000
KAFKA-20683,"Add broker side custom assignors for ""streams"" groups","[KIP-1357: Add broker side custom assignors for ""streams"" groups|https://cwiki.apache.org/confluence/spaces/KAFKA/pages/430408758/KIP-1357+Add+broker+side+custom+assignors+for+streams+groups]

Kafka Streams allows to implement a custom task assignor in the ""classic"" rebalance protocol. However, the new ""streams"" groups do not support custom assignors right now.

With this ticket we aim to close this gap, and add support for broker side customer assignors for ""streams"" groups.",KIP,group-coordinator|streams,New Feature,Resolved,2026-06-09T23:47:42.000+0000,2026-07-30T05:15:26.000+0000
KAFKA-20682,Implement IQv2 for headers-aware state stores,KIP-1356: [https://cwiki.apache.org/confluence/spaces/KAFKA/pages/430408653/KIP-1356+Introduce+IQv2+for+headers-aware+state+stores] ,kip,streams,New Feature,Resolved,2026-06-09T18:58:54.000+0000,2026-08-14T15:58:03.000+0000
KAFKA-20673,AdminClient partition-leader APIs hang when a cached leader has left the cluster,"{{KafkaAdminClient.listOffsets}} — and any other {{{}PartitionLeaderStrategy{}}}-routed API ({{{}deleteRecords{}}}, {{{}describeProducers{}}}, {{{}abortTransaction{}}}) — can block for the full {{default.api.timeout.ms}} and then fail with {{TimeoutException: Timed out waiting for a node assignment}} when the partition-leader cache holds a leader id that is no longer present in the cluster metadata.



Since the partition-leader cache fast-path was added (KAFKA-17663, [#17367|https://github.com/apache/kafka/pull/17367]), the {{AdminApiDriver}} constructor reads {{future.cachedKeyBrokerIdMapping()}} and, for any cached entry, routes the key straight into the fulfillment stage under a {{FulfillmentScope(brokerId)}} — skipping the lookup stage. The resulting {{Call}} is given a {{{}ConstantNodeIdProvider(brokerId){}}}.

If that cached {{brokerId}} is no longer in {{{}AdminMetadataManager.cluster().nodes(){}}}, the call gets stuck:
 * {{ConstantNodeIdProvider.provide()}} does {{nodeById(id)}} → {{{}null{}}}, calls {{{}metadataManager.requestUpdate(){}}}, and returns {{{}null{}}}.
 * {{maybeDrainPendingCall}} sees {{null}} and leaves the call in {{{}pendingCalls{}}}.
 * The only ways out of {{fulfillmentMap}} are {{unmap()}} via {{retryLookup}} (driven by an {{{}onResponse{}}}/{{{}onFailure{}}} for a request that was actually {_}sent{_}) or a {{{}DisconnectException{}}}. Neither fires for a call that is never sent.

So the call just spins broker-info ({{{}topics=[]{}}}) metadata refreshes — which never re-resolve the partition leader — until the request deadline expires.

 ",regression,clients,Bug,Resolved,2026-06-08T15:44:49.000+0000,2026-07-22T08:49:33.000+0000
KAFKA-20667, O(N) ACL scan in StandardAuthorizerData.checkSection,"Root cause: checkSection() iterates all ACLs sharing the same resource 
pattern via TreePSet.tailSet(), calling HashSet.contains per ACL × topic. 
With 504 topics × 7001 ACLs → ~3.5M iterations per MetadataRequest.",authorization|perfomance,core,Bug,Open,2026-06-05T15:07:30.000+0000,2026-09-22T10:58:55.000+0000
KAFKA-20652,Improve/Fix java docs,"A couple of java-doc fixing: 


1- File: streams/src/main/java/org/apache/kafka/streams/kstream/Produced.java:117                                                                                                                                                                                                                                            
   * @param valueSerde    Serde to use for serializing the key   // should be value                                                                                                       
  

2- Four identical javadoc typos:                                                                                                                                       
  - state/WindowStore.java:165                                                                                                                                                                
  - state/ReadOnlyWindowStore.java:185 and :197                                                                                                                                               
  - state/internals/SegmentedBytesStore.java:92                                                                                                                                               
  Gets all the key-value pairs that belong to the windows within in the given time range.                                                                                                     
                                                                                                 → ""within the""                                                                                                          
  
3- kstream/JoinWindows.java:157 — stray double brace: \{@link #ofTimeDifferenceWithNoGrace(Duration)}} → single }.                                                                            ",new-bie,streams,Improvement,Resolved,2026-06-01T16:48:52.000+0000,2026-06-10T18:14:52.000+0000
KAFKA-20651,Cache parsed KafkaPrincipal in StandardAcl.kafkaPrincipal(),"kafkaPrincipal() is called frequently during authorization (once per matching ACL). Each call parses the principal string and allocates a new KafkaPrincipal object.

This adds a ConcurrentHashMap<String, KafkaPrincipal> cache to avoid redundant parsing and allocation. The cache is bounded by the number of distinct principal strings in the ACL store (typically orders of magnitude smaller than total ACL count).",authorization|performance,core,Bug,Open,2026-06-01T16:22:15.000+0000,2026-06-17T14:58:01.000+0000
KAFKA-20649,KIP-1352: Ranges and Range Aggregations in the Kafka Streams DSL,"This ticket tracks the implementation for {*}KIP-1352: Ranges and Range Aggregations in the Kafka Streams DSL{*}.

*KIP Document:* [https://cwiki.apache.org/confluence/display/KAFKA/KIP-1352%3A+Ranges+and+Range+Aggregations+in+the+Kafka+Streams+DSL]

*Summary:* The Kafka Streams DSL currently excels at temporal grouping through fixed, sliding, and hopping windows, but lacks a native mechanism for event-centric, non-incremental aggregations (similar to SQL's {{OVER}} clause with {{{}ROWS/RANGE BETWEEN{}}}).

This KIP introduces a new {{Range}} abstraction ({{{}EventTimeRange{}}} and {{{}EventCountRange{}}}) and a {{rangeOver()}} operator for {{{}KGroupedStream{}}}. This allows developers to define dynamic contexts around specific anchor records and perform point-in-time aggregations without emitting retroactive updates or causing exponential write amplification.",kip,streams,New Feature,Open,2026-06-01T13:25:40.000+0000,2026-07-15T04:05:35.000+0000
KAFKA-20646,Use Locale.ROOT in String.format() calls in tools/ and server-common/ modules,"String.format() without a Locale parameter can produce locale-dependent output (e.g., different decimal separators for numbers, locale-specific formatting). This is inconsistent
  with the project's existing checkstyle rule that enforces Locale.ROOT for toLowerCase() and toUpperCase() calls.

  The tools/ and server-common/ modules contain ~75 occurrences of String.format( without an explicit Locale. These should be changed to String.format(Locale.ROOT, ...) for
  consistent, locale-independent behavior.

  This is a follow-up to KAFKA-20638 which fixed a similar locale issue in ConsumerGroupCommand.toLowerCase().

  Affected files (29):
  - tools/: AclCommand, ClientCompatibilityTest, DeleteRecordsCommand, JmxTool, LeaderElectionCommand, LogDirsCommand, OAuthCompatibilityTool, ToolsUtils, TopicCommand,
  TransactionalMessageCopier, VerifiableConsumer, VerifiableProducer, ConsumerGroupCommand, ShareGroupCommand, ShareGroupCommandOptions, ReassignPartitionsCommand,
  StreamsGroupCommand
  - server-common/: ClientIdAndBroker, StateChangeLogger, CheckpointFile, Feature, MetadataVersion, QuotaConfig, SharePartitionKey, DefaultStatePersister, CommandLineUtils,
  DecodeJson, JsonValue, BaseHashTable",cleanup|locale|new-bie,tools,Improvement,Open,2026-05-31T02:31:43.000+0000,2026-07-01T04:37:47.000+0000
KAFKA-20631,"Add ""logical clients"" concept","KIP-1313 (KAFKA-20548) propose to add a unique `clientInstanceId` field to all request headers. This is a good improvement to be able to uniquely identify clients connecting to brokers.

However, it does not help to identify ""logical clients"" like Kafka Streams or Kafka Connect tasks, which are wrappers around ""physical"" consumer/producer/admin clients.

We should have a ""logical client-instance-id"" concept allowing us to identify these higher-level clients more easily.

Besides Kafka Streams and Kafka Connect, also other external/third-party ""clients wrappers"" could benefit from such a feature.",kip,clients|connect|consumer|core|producer |streams,New Feature,In Progress,2026-05-27T17:01:19.000+0000,2026-05-27T17:46:18.000+0000
KAFKA-20618,Streams Group Topology Description Plugin,KIP-1331: https://cwiki.apache.org/confluence/display/KAFKA/KIP-1331%3A+Streams+Group+Topology+Description+Plugin,kip,streams,New Feature,Resolved,2026-05-27T13:11:40.000+0000,2026-09-24T10:27:07.000+0000
KAFKA-20604,KIP-1348: Complete Built-in Exception Handler Symmetry with LogAndContinueProductionExceptionHandler,"*This ticket tracks the implementation of [KIP-1348|https://cwiki.apache.org/confluence/display/KAFKA/KIP-1348%3A+Complete+Built-in+Exception+Handler+Symmetry+with+LogAndContinueProductionExceptionHandler]. Don't Start before the KIP solution is aprroved.*
h3. Problem

Kafka Streams ships built-in log-and-continue exception handlers for deserialization ({{{}LogAndContinueExceptionHandler{}}}) and processing ({{{}LogAndContinueProcessingExceptionHandler{}}}), but not for production/serialization errors. Users who want to skip poison-pill records on the output side must write a custom {{ProductionExceptionHandler}} — something not required for the other two error types.

Additionally, DLQ records produced by any exception handler are currently sent through the same {{RecordCollectorImpl.send()}} path as regular records. With a continue handler configured, this creates:
 * An *infinite loop* in the production path (DLQ failure triggers handler again, which produces another DLQ record, etc.)
 * *Silent data loss* in the deserialization/processing paths (DLQ failure is swallowed by the continue handler, original record is lost)

h3. Changes

This KIP adds:
 # *{{LogAndContinueProductionExceptionHandler}}* — new built-in handler that logs at WARN level and returns {{{}Response.resume(){}}}. Supports DLQ via {{{}errors.dead.letter.queue.topic.name{}}}.
 # *{{LogAndFailProductionExceptionHandler}}* — rename of {{DefaultProductionExceptionHandler}} for naming consistency. {{DefaultProductionExceptionHandler}} is deprecated as a subclass alias.
 # *sendDlqRecord()* method on RecordCollector interface — dedicated DLQ send path that bypasses the production exception handler, preventing the infinite loop and silent data loss described above. All five DLQ call sites (RecordCollectorImpl.handleException(), RecordCollectorImpl.recordSendError(), RecordDeserializer.handleDeserializationFailure(), StreamTask processing error handler, and ProcessorNode.process() processing error handler) are updated to use it.

h3. Configuration

No new configuration keys. Users opt in via existing configs:
{code:java}
production.exception.handler=org.apache.kafka.streams.errors.LogAndContinueProductionExceptionHandler
errors.dead.letter.queue.topic.name=my-app-dlq
{code}
h3. Compatibility

Fully backward compatible. Default behavior unchanged. {{DefaultProductionExceptionHandler}} remains as a deprecated alias. The internal default class reference in {{StreamsConfig}} is updated from {{DefaultProductionExceptionHandler}} to {{LogAndFailProductionExceptionHandler}} to avoid {{-Werror}} deprecation compile errors; runtime behavior is identical.
h3. Files Changed

*New files:*
 * {{streams/src/main/java/org/apache/kafka/streams/errors/LogAndContinueProductionExceptionHandler.java}}
 * {{streams/src/main/java/org/apache/kafka/streams/errors/LogAndFailProductionExceptionHandler.java}}

*Modified source:*
 * {{streams/src/main/java/org/apache/kafka/streams/errors/DefaultProductionExceptionHandler.java}} — deprecated, extends LogAndFail
 * {{streams/src/main/java/org/apache/kafka/streams/StreamsConfig.java}} — default class reference updated
 * {{streams/src/main/java/org/apache/kafka/streams/processor/internals/RecordCollector.java}} — added {{sendDlqRecord()}}
 * {{streams/src/main/java/org/apache/kafka/streams/processor/internals/RecordCollectorImpl.java}} — implemented {{{}sendDlqRecord(){}}}, updated DLQ send in {{handleException()}} and {{recordSendError()}}
 * {{streams/src/main/java/org/apache/kafka/streams/processor/internals/RecordDeserializer.java}} — DLQ send updated to {{sendDlqRecord()}}
 * {{streams/src/main/java/org/apache/kafka/streams/processor/internals/StreamTask.java}} — DLQ send updated to {{sendDlqRecord()}}
 * ProcessorNode.java — DLQ send updated to sendDlqRecord()

*Modified tests:*
 * {{streams/src/test/java/org/apache/kafka/streams/processor/internals/RecordCollectorTest.java}} — renamed existing DLQ tests, added 2 new LogAndContinue DLQ tests
 * {{streams/src/test/java/org/apache/kafka/streams/StreamsConfigTest.java}} — added default handler test
 * {{streams/src/test/java/org/apache/kafka/test/MockRecordCollector.java}} — added {{sendDlqRecord()}} mock
 * KeyValueStoreTestDriver.java — updated from DefaultProductionExceptionHandler to LogAndFailProductionExceptionHandler

*Modified docs:*
 * {{docs/streams/upgrade-guide.md}} — added 4.4.0 section
 * {{docs/streams/developer-guide/config-streams.md}} — updated handler references",KIP-1348,streams,New Feature,Open,2026-05-24T04:32:41.000+0000,2026-05-24T15:47:11.000+0000
KAFKA-20597,prefixScan fails for prefixes with no upper bound in in-memory state stores,"prefixScan currently behaves inconsistently across state store implementations when the prefix has no lexicographically larger upper bound.

Example keys:
- FF
- FF 00
- FF 10
- FE

Calling prefixScan(FF) should return:
- FF
- FF 00
- FF 10

RocksDBStore handles this case correctly by treating the upper bound as unbounded when incrementing the prefix overflows.

However, InMemoryKeyValueStore, MemoryNavigableLRUCache, and CachingKeyValueStore directly call ByteUtils.increment(...), which throws IndexOutOfBoundsException for prefixes such as 0xFF.

This causes prefixScan to fail before iteration begins.

The fix centralizes overflow-safe increment handling in ByteUtils.incrementWithoutOverflow(...) and updates the in-memory/cache store implementations to correctly handle unbounded upper ranges.

A regression test has been added reproducing the failure with prefix 0xFF.",streams,streams,Bug,Open,2026-05-18T15:53:49.000+0000,2026-07-17T04:04:13.000+0000
KAFKA-20587,"Flaky : KafkaStreamsTelemetryIntegrationTest > ""shouldPushGlobalThreadMetricsToBroker(String, String).recordingLevel=INFO, groupProtocol=streams","FAILED  -  KafkaStreamsTelemetryIntegrationTest > ""shouldPushGlobalThreadMetricsToBroker(String, String).recordingLevel=INFO, groupProtocol=streams""

 
{code:java}
org.apache.kafka.streams.errors.StreamsException: There are no partitions available for topic shouldPushGlobalThreadMetricsToBrokerLN4hWDdfRTSgYuoynFI2Zg-global-store when initializing global store iq-test-store    
at org.apache.kafka.streams.processor.internals.GlobalStateManagerImpl.topicPartitionsForStore(GlobalStateManagerImpl.java:304)    
at org.apache.kafka.streams.processor.internals.GlobalStateManagerImpl.initialize(GlobalStateManagerImpl.java:185)    
at org.apache.kafka.streams.processor.internals.GlobalStateUpdateTask.initialize(GlobalStateUpdateTask.java:82)    
at org.apache.kafka.streams.processor.internals.GlobalStreamThread$StateConsumer.initialize(GlobalStreamThread.java:247)    
at org.apache.kafka.streams.processor.internals.GlobalStreamThread.initialize(GlobalStreamThread.java:417)    
at org.apache.kafka.streams.processor.internals.GlobalStreamThread.run(GlobalStreamThread.java:277){code}
https://develocity.apache.org/s/bglqbjvx2nvna/tests/task/:streams:integration-tests:test/details/org.apache.kafka.streams.integration.KafkaStreamsTelemetryIntegrationTest/shouldPushGlobalThreadMetricsToBroker(String%2C%20String)%5B4%5D?top-execution=1",flaky-test,streams|unit tests,Task,Open,2026-05-14T19:31:28.000+0000,2026-07-31T10:23:23.000+0000
KAFKA-20585,Share Fetch latency metric incorrectly updated during ShareAcknowledgeResponse,"The ShareFetchMetricsManager records latency metrics (share-fetch-latency, share-fetch-request-rate and share-fetch-request-total) at the response handlers in ShareConsumeRequestManager after the response is processed.
There are a couple of issues here - 
1. This one is a straightforward bug - we are currently recording these metrics both in the ShareFetch and ShareAcknowledge response handlers. We should ideally only record this for the ShareFetch responses.
2. The metrics are being recorded at the end of the response handler, so we would be missing to update the share-fetch-rate and share-fetch-total metrics for responses with top level errors. This is the same pattern in FetchManager as well where we are missing these responses with top level errors. Not sure if this was intended or we should account for these as well. [~lianetm] could you help take a look at the regular consumer/share-consumer and see what we should do here?",queues-for-kafka,clients,Improvement,Resolved,2026-05-14T17:32:36.000+0000,2026-07-14T11:43:37.000+0000
KAFKA-20545,Flaky tests in MirrorConnectorsIntegrationSSLTest,"MirrorConnectorsIntegrationSSLTest > testConnectorMetricsNew()

MirrorConnectorsIntegrationSSLTest > testConnectorMetricsNewAndLegacy()

MirrorConnectorsIntegrationSSLTest > testConnectorMetricsLegacy()

MirrorConnectorsIntegrationSSLTest > testConnectorMetricsDefault()

 

build - https://github.com/apache/kafka/actions/runs/25058210508/job/73415804696",flaky|flaky-test,connect,Bug,Resolved,2026-04-29T18:52:04.000+0000,2026-05-18T13:20:26.000+0000
KAFKA-20532,Defensive trimming of min.insync.replicas in controller and kafka-topics to tolerate whitespace-contaminated configs,"*Summary :*
Whitespace-contaminated min.insync.replicas values silently accepted at write time cause a controller failover loop and full cluster unavailability with no operator-visible warning, because the --describe observability path trims whitespace before displaying the value.

 

*Affected Versions*
 
 * Two separate call sites with different version ranges - verified via git history:

 
||Call Site||File||Introduced||Affected Versions||
|
*ReplicationControlManager.getTopicEffectiveMinIsr()*|
metadata/.../ReplicationControlManager.java|
Kafka 3.7.0 (commit af747fbfed, KAFKA-15581 / KIP-966 ELR, Oct 2023)|
3.7.0, 3.8.x, 3.9.x, 4.0.x, 4.1.x, 4.2.x, 4.3.x|
|
*TopicCommand.PartitionDescription.minIsrCount()*|
tools/.../TopicCommand.java|
Kafka 2.2.0 (commit 3fb1d70b6b, KIP-351 --under-min-isr, Feb 2019)|
2.2.0 through all current versions|

 

Note on call site 1: getTopicEffectiveMinIsr() did not exist before 3.7.0. Kafka versions 3.3–3.6 running in KRaft mode do not contain this code path and are not affected by the controller failover crash.

Note on call site 2: The minIsrCount() CLI crash is a long-standing pre-KRaft issue present since 2.2.0. It is only reachable when a whitespace-contaminated value is actually stored - which in practice requires either a direct ZK write, a ZK to KRaft migration carrying corrupt ZK data, or a client exploiting the validate-trim/store-raw mismatch in ConfigurationControlManager.
h3. *Impact*

A topic config min.insync.replicas stored with leading or trailing whitespace (e.g. "" 2"") causes the KRaft controller to enter a continuous failover loop, making the cluster unavailable. The crash is triggered on every alterPartition event (e.g. any replica
restart), so recovery is not spontaneous. Critically, kafka-topics.sh --describe silently strips the whitespace before displaying the value, so the corrupted config is invisible to operators. There is no log warning, no alert, and no way to detect the problem via the standard Admin API observability path. An operator can stare at a failing cluster and see only
clean config values.
h3. *Analysis of the bug:*
h4. *How Whitespace Gets Into the Metadata Store*

Two ingestion paths can introduce whitespace-padded values:
 # {*}ZK to KRaft migration{*}: ZooKeeper does not enforce config formatting. Values stored by older Kafka versions or direct ZooKeeper tooling are copied into the KRaft metadata log as raw strings with no normalisation.
 # {*}Normal alterConfigs write path{*}: ControllerConfigurationValidator delegates to LogConfig.validate() -> ConfigDef.parse() -> ConfigDef.parseType(), which trims the value before validating it. However, the raw (untrimmed) string from the ConfigRecord is what is written into the KRaft metadata log. The trim is validation-only; the persisted value is never normalised. This means a client that sends min.insync.replicas="" 2"" passes validation and is stored as "" 2"" permanently.

h4. *Root Cause: Two Divergent Code Paths*

The --describe (Admin API) path and the controller runtime path handle the same stored value differently:
 
||
*Code path*||
*Entry point*||
*Whitespace handling*||
*Outcome*||
|
*kafka-topics --describe*|
LogConfig.fromProps() -> ConfigDef.parseType()|
.trim() before parseInt|
Space silently stripped; shows clean ""2""|
|
*Controller alterPartition*|
ReplicationControlManager.getTopicEffectiveMinIsr()|
Raw string returned as-is|
Integer.parseInt("" 2"") -> NumberFormatException -> controller failover|
|
*kafka-topics --under-min-isr-partitions*|
TopicCommand.PartitionDescription.minIsrCount()|
Raw string returned as-is|
Same NumberFormatException thrown in CLI tool|

 

 
h4. *Crash Sequence*

1. Topic has min.insync.replicas="" 2"" (with leading space) in metadata store
2. Any replica restarts → broker sends AlterPartition RPC to controller
3. QuorumController.alterPartition() → ReplicationControlManager.getTopicEffectiveMinIsr()
4. Integer.parseInt("" 2"") throws NumberFormatException
5. Treated as UnknownServerException → controller renounces leadership
6. Controller reverts to last committed offset, becomes active again
7. Next AlterPartition arrives → crash repeats → infinite failover loop
8. Cluster is unavailable; kafka-topics --describe shows no anomaly

{*}Controller log evidence{*}:
{code:java}
ERROR Encountered quorum controller fault: alterPartition: event failed
with NumberFormatException (treated as UnknownServerException) at epoch N
java.lang.NumberFormatException: For input string: "" 2""
at java.lang.Integer.parseInt(Integer.java:614)
at org.apache.kafka.controller.ReplicationControlManager.getTopicEffectiveMinIsr(...){code}
h4. Affected Call Sites

*Call site 1 - Primary (availability-breaking):*
{code:java}
metadata/src/main/java/org/apache/kafka/controller/ReplicationControlManager.java ~line 2395
// BEFORE (crashes controller)
int getTopicEffectiveMinIsr(String topicName) {
String minIsrConfig = configurationControl.getTopicConfig(topicName, MIN_IN_SYNC_REPLICAS_CONFIG).value();
int currentMinIsr = Integer.parseInt(minIsrConfig); // throws on "" 2""
...
}{code}
*Call site 2 - Secondary (CLI tool exception):*
{code:java}
tools/src/main/java/org/apache/kafka/tools/TopicCommand.java ~line 315
// BEFORE (throws in kafka-topics CLI)
int minIsrCount() {
return Integer.parseInt(config.get(TopicConfig.MIN_IN_SYNC_REPLICAS_CONFIG).value());
}{code}
Note: Call site 2 is unrelated to ZK migration - it is a pre-existing raw parseInt in the CLI tool that would fail on any whitespace-contaminated value, regardless of how it arrived. Both call sites share the same pattern and are fixed in the same PR for completeness.
h3. *Scope of Audit: Why Only min.insync.replicas?*

Ques: Whether other numeric topic configs (segment.bytes, retention.ms, max.message.bytes, segment.ms, flush.messages, etc.) have the same raw parseInt exposure ?
Answer: most numeric config reads in the controller go through ConfigDef.parseType(), which trims before parsing and is therefore safe. min.insync.replicas is anomalous because getTopicEffectiveMinIsr() bypasses ConfigDef entirely and reads directly from the raw metadata store for hot-path performance.

A grep for Integer.parseInt.getTopicConfig and Integer.parseInt.config.get across the controller and tools packages identified the two call sites above as the only instances of this pattern. However, a comprehensive audit of all controller-side numeric config reads is acknowledged as part of the follow-up work (see below), as the current search was targeted
rather than exhaustive.
h3. *Steps to Reproduce*
 # Deploy Kafka 3.x or 4.x in KRaft mode (or ZK to KRaft migration mode).
 # Write min.insync.replicas with a leading space directly into the metadata store:

{code:java}
bash
# Via ZooKeeper (migration scenario)
zkCli.sh set /config/topics/<topic> \
'{""version"":1,""config"":{""min.insync.replicas"":"" 2""}}'{code}
Or via the Admin API (normal alterConfigs - value passes validation and is stored raw):
{code:java}
bash
kafka-configs.sh --bootstrap-server <broker:port> \
—entity-type topics —entity-name <topic> \
—alter —add-config 'min.insync.replicas= 2'{code}
 # Confirm that describe command has no anomaly
 # Trigger an `alterPartition` event: restart one replica broker.
 # Observe the controller log entering the failover loop (see crash sequence above).

h3. *Expected Result*

Controller parses `"" 2""` correctly, returns `2`, and processes `alterPartition` without error. Cluster remains available.
h3. *Actual Result*

`NumberFormatException` propagates through `QuorumController`, causing the controller to renounce and restart in a loop. Cluster becomes unavailable. `kafka-topics --describe` shows no anomaly.
h3. *Proposed Fix*

Add `.trim()` before each raw `Integer.parseInt()` call at the two identified call sites. This is the minimum necessary change: it is surgical, has no behaviour change for well-formed configs, and correctly tolerates all whitespace variants (leading, trailing, both).

*Fix 1 - ReplicationControlManager:*
{code:java}
// AFTER
int getTopicEffectiveMinIsr(String topicName) {
String minIsrConfig = configurationControl.getTopicConfig(topicName, MIN_IN_SYNC_REPLICAS_CONFIG).value();
int currentMinIsr = Integer.parseInt(minIsrConfig.trim()); // tolerates "" 2"", ""2 "", "" 2 ""
...
}{code}
*Fix 2 - TopicCommand:*
{code:java}
// AFTER
int minIsrCount() {
return Integer.parseInt(config.get(TopicConfig.MIN_IN_SYNC_REPLICAS_CONFIG).value().trim());
}{code}
No public APIs, wire formats, config keys, metric names, or CLI flags are added, modified, or removed. This change is purely internal.
h3. Compatibility
 * Backward compatible: Clusters without whitespace in configs see identical behaviour.
 * Forward compatible: No protocol or format changes.

h3. Operational Workaround

The following workaround cleans the corrupted config by rewriting it through the validated `ConfigDef` path, which normalises the value before storage:
{code:java}
kafka-configs.sh --bootstrap-server <broker:port> \
--entity-type topics \
--entity-name <affected-topic> \
--alter \
--add-config min.insync.replicas=2{code}
Important caveat : This workaround requires a functioning controller and reachable Admin API. If the cluster is already in a failover loop when this is attempted, the Admin API may be unreachable. In that scenario, use the ZooKeeper-direct recovery path (applicable to clusters still running ZooKeeper or in migration mode):
{code:java}
# In-incident ZooKeeper-direct remediation (no controller required)
zkCli.sh set /config/topics/<affected-topic> \
'{""version"":1,""config"":{""min.insync.replicas"":""2""}}'{code}
After this ZK write, trigger a controller restart to pick up the corrected value. For pure-KRaft clusters in a failover loop, the fix must be deployed (or a temporary leader forced) before the Admin API path becomes usable.
h3. Rejected Alternatives
h4. 1. Fix inside ConfigurationControlManager.getTopicConfig()

Trim the value before returning the `ConfigEntry`. Rejected because:
 * `getTopicConfig()` is the authoritative accessor for what is stored in the metadata log.

Silently mutating returned values would hide data quality issues and make stored state unobservable.
 * Does not fix the secondary `TopicCommand` call site.
 * The targeted trim at each `parseInt` call site is the minimum necessary change.

h3. 2. Validate and reject configs with whitespace during alterConfigs

Reject configs containing whitespace at write time. Rejected because:
 * Does not help existing clusters already in migration or already carrying corrupt ZK data.
 * `ConfigDef.parseType()` already silently trims valid configs on the normal write path; making

whitespace a hard rejection would be a behavioural change for clients that currently send padded values and expect them to be accepted.
h3. 3. Normalise configs at the write path in `ConfigurationControlManager` - Deferred to follow-up(see below)

Trim all string configs when written into the KRaft log (both via `alterConfigs` and ZK migration ingestion). This is the preferred long-term fix (see Follow-up section below) but is intentionally out of scope here because:
 * It is a broader, higher-risk change to the migration and write code paths.
 * It alters the canonical stored form of all string config values and warrants comprehensive test coverage across all config types.
 * It does not fix the immediate availability risk any faster than the targeted trim.

h3. 4. Catch `NumberFormatException` and fall back to a default

Wrap `parseInt` in a try-catch and return a default `min.insync.replicas`. Rejected because:
 * Silently discarding the operator's intended value is dangerous; the padded `"" 2""` encodes a real intent of `2` that should be honoured.
 * This papers over the root cause rather than fixing it.

----
h2. Follow-up Work
h3. KAFKA-XXXB: Normalise config values at the KRaft write path to close the validate-vs-store mismatch

The root cause of this class of bugs is a store-raw-but-validate-trimmed mismatch** in ConfigurationControlManager:
// ConfigurationControlManager.java:346 (current behaviour)
// ConfigDef.parseType() trims "" 2"" → validates as 2, but stores the raw "" 2""
allConfigs.put(configRecord.name(), configRecord.value()); // raw, untrimmed
`ControllerConfigurationValidator` delegates to `LogConfig.validate()` -> ConfigDef.parse() -> `ConfigDef.parseType()`, which trims before validating. But the raw `ConfigRecord` value is what is persisted. This means any client sending a padded value will pass validation and permanently store a corrupted value that the controller runtime later hits raw.

The long-term fix normalises at the point of storage:
// Proposed: trim at write time so validated form == persisted form
allConfigs.put(configRecord.name(), configRecord.value().trim());
This single change would prevent whitespace-padded values from entering the metadata store through any path (normal alterConfigs or ZK migration), making the .trim() guards at each parseInt call site belt-and-suspenders rather than necessary runtime defences.

Scope of follow-up also includes:
 * Comprehensive audit of all controller-side numeric config reads to identify any remaining raw parseInt call sites beyond the two fixed here.
 * Assessment of whether the same write-path normalisation should be applied during ZK migration ingestion in ZkMigrationClient.",Availability|kraft|migration|regression,controller|tools,Bug,Patch Available,2026-04-27T11:04:51.000+0000,2026-09-16T21:07:11.000+0000
KAFKA-20526,Add ListClientConnections Admin API to list authenticated connections on brokers,"h3. Motivation

Kafka brokers authenticate every client connection and store the authenticated principal (KafkaPrincipal) in memory on each KafkaChannel. However, there is *no admin API, CLI command, or JMX MBean* that allows an operator to answer:
{quote}Which user principals currently have active connections to this broker?
{quote}
This is a fundamental observability gap. Every comparable system provides this capability:
||System||Command / API||
|MySQL|{{SHOW PROCESSLIST}}|
|PostgreSQL|{{pg_stat_activity}}|
|RabbitMQ|Management API {{/api/connections}}|
|MongoDB|{{db.currentOp()}}|
|Apache Kafka|*Nothing*|
h3. Use Cases
 * {*}Security incident response{*}: When a credential is compromised, operators cannot determine if the compromised user has active connections without restarting brokers or using indirect workarounds.
 * {*}Credential rotation{*}: No way to verify old credentials are no longer in use on active connections.
 * {*}Audit and compliance{*}: Regulatory requirements mandate reporting who is connected at any point in time.
 * {*}Debugging{*}: Correlating connections with authenticated identities during troubleshooting.

h3. Current State

The broker already holds all the data in memory:
{code:java}
SocketServer
  └── NetworkProcessor (one per network thread)
        └── Selector
              └── channels: Map[String, KafkaChannel]
                    └── KafkaChannel
                          ├── principal(): KafkaPrincipal    ← authenticated user
                          ├── socketAddress: InetAddress      ← client IP
                          ├── channelMetadataRegistry
                          │     └── clientInformation         ← software name/version
                          └── id: String                      ← connection ID
{code}
The data is simply not surfaced through any external interface.
h3. Proposed Change

Add a new {{ListClientConnections}} admin API (broker-level RPC) that returns information about all currently authenticated connections on the target broker.

*Request fields:*
* {{PrincipalFilter}} (optional string) — filter by principal name
* {{ClientAddressFilter}} (optional string) — filter by client IP

*Response fields per connection:*
* {{ConnectionId}} — the connection ID string
* {{Principal}} — authenticated principal (e.g. {{User:alice}})
* {{ClientAddress}} — remote client IP
* {{ClientPort}} — remote client port
* {{ListenerName}} — the listener the client connected to
* {{SecurityProtocol}} — PLAINTEXT, SSL, SASL_PLAINTEXT, or SASL_SSL
* {{SoftwareName}} — client software name (from KIP-511)
* {{SoftwareVersion}} — client software version 

A formal KIP will follow with complete request/response schemas and implementation details.",kip|observability|security,clients|core,New Feature,Open,2026-04-24T21:58:13.000+0000,2026-05-21T23:28:08.000+0000
KAFKA-20512,Flaky/Failing org.apache.kafka.streams.integration.OuterJoinListValueStoreRestorationTest,,flaky-test,streams,Test,Resolved,2026-04-21T15:02:30.000+0000,2026-04-24T23:48:58.000+0000
KAFKA-20465,Adding transactional semantics to StateStores - implement KIP-892 ,This is an umbrella ticket for adding transaction semantics to statestores by implementing [KIP-892|https://cwiki.apache.org/confluence/display/KAFKA/KIP-892%3A+Transactional+Semantics+for+StateStores],kip,streams,New Feature,Resolved,2026-04-17T17:09:22.000+0000,2026-08-21T12:06:06.000+0000
KAFKA-20461,Support -1 (infinite retention) for offsets.retention.minutes,"Support -1 (infinite retention) for offsets.retention.minutes

https://cwiki.apache.org/confluence/display/KAFKA/KIP-20461%3A+Support+Infinite+Retention+for+Consumer+Group+Offsets",kip,config,New Feature,Open,2026-04-16T16:08:57.000+0000,2026-07-25T04:06:23.000+0000
KAFKA-20439,Allow to write dropped records in the DLQ,"Some operators in the Kafka Streams DSL may drop malformed records which cannot be processed correctly (eg, records with null-key). Atm, we track this via a JMX metric.

We recently added DLQ support to Kafka Streams, however, it doesn't cover records dropped by the DSL.

We propose to allow capturing records dropped by the DSL and write into the DLQ.",needs-kip,streams,New Feature,Open,2026-04-13T19:23:58.000+0000,2026-04-26T22:47:58.000+0000
KAFKA-20438,"Allow dropping ""future"" records","KIP-1334: [https://cwiki.apache.org/confluence/spaces/KAFKA/pages/421957194/KIP-1334+Introduce+max.future.record.timestamp.difference.ms+to+Protect+Stream-Time+from+Future+Record+Poisoning] 

In the Kafka Streams DSL, certain stateful operators advance their state based on stream-time, ie, the highest observes record timestamp over all input records.

In particular, window- and session-stores (and other segmented state stores) roll segments base on stream-time, and also apply window-close and grace-periods base on it.

The issue is, that a single malformed record with a timestamp far in the future, might advance stream-time incorrectly, thus triggering closing windows and rolling segments too early, and there is no good way to recover from it.

Currently, users could build manual filtering and compare a record timestamps to current stream-time (which is tracked by the KS runtime) to avoid such issues.

We propose to add a built-in mechanism (either via a global config, or a per-window parameter like ""grace period""), to let Kafka Streams drop such malformed future records automatically.

Note: while it could also make sense to write such records into a DLQ, we should tackle DLQ support separately.",needs-kip,streams,New Feature,In Progress,2026-04-13T19:19:10.000+0000,2026-07-20T23:15:06.000+0000
KAFKA-20421,Allow to Store Record Headers in State Stores (follow ups),Follow up ticket for https://issues.apache.org/jira/browse/KAFKA-20056 for all tasks we could not complete in AK 4.3 release.,kip,streams,New Feature,Open,2026-04-08T18:56:25.000+0000,2026-04-08T19:05:50.000+0000
KAFKA-20420,DSL Opt-in Support for Header-Aware State Stores (follow ups),Follow up ticket for https://issues.apache.org/jira/browse/KAFKA-20194 for all tasks we could not complete in AK 4.3 release.,kip,streams,New Feature,Open,2026-04-08T18:54:23.000+0000,2026-04-08T19:05:50.000+0000
KAFKA-20414,StreamsPartitioner should pass in headers,"While working on https://issues.apache.org/jira/browse/KAFKA-20173 we realized that `StreamsPartitioner` does not pass headers into the interface.

Because `StreamsPartitioner` is a public interface, we need to do a KIP to close this gap.",needs-kip,streams,New Feature,Resolved,2026-04-08T07:24:04.000+0000,2026-04-08T19:25:33.000+0000
KAFKA-20404,Investigate/Fix bulk-excluded SpotBugs atomicity warnings ,"When SpotBugs was upgraded, several streams classes were bulk-excluded for three new atomicity warning patterns. 

For ex: StreamThread class is added to exclusion list.
[https://github.com/apache/kafka/blob/1bf7d6032b9b4171f510dc9a1c7e0243410e27f5/gradle/spotbugs-exclude.xml#L636]

Check for Field lastCommitMs [https://github.com/apache/kafka/blob/1bf7d6032b9b4171f510dc9a1c7e0243410e27f5/streams/src/main/java/org/apache/kafka/streams/processor/internals/DefaultStateUpdater.java#L819]

 

Each class needs individual investigation to determine whether the warning is a false positive or a real concurrency bug.

Atomicity warnings to consider :

AT_NONATOMIC_OPERATIONS_ON_SHARED_VARIABLE 
AT_NONATOMIC_64BIT_PRIMITIVE
AT_STALE_THREAD_WRITE_OF_PRIMITIVE",concurrency|spotbugs,streams,Improvement,Open,2026-04-05T18:43:40.000+0000,2026-05-29T04:34:24.000+0000
KAFKA-20403,InterruptedException swallowed without restoring thread interrupt flag in multiple classes,"In several places in the streams module code where we catch InterruptedException but don't call Thread.currentThread().interrupt() to restore the interrupt flag. This goes against Java's interrupt contract — when you catch InterruptedException, you should either re-throw it or restore the flag so callers up the stack know the thread was interrupted.         
                                                        
We already do this correctly in other places like TaskManager.java:719, InternalTopicManager.java:558, and GlobalStreamThread.java:461. Probably this was missed, however the impact is low in not fixing it. It is more of code correctness and consistency with the rest of the codebase. As there are state flags and condition signals in shutdown calls which take care of these interruptions, it is of low prio.                                                          
                                                        
But KafkaStreamsNamedTopologyWrapper has two ex.printStackTrace() calls (lines 308 and 333) that should be replaced with proper logging. That class is deprecated and planned for removal, but we could clean it up.
                                                                                                                                           
Affected files:
 - streams/src/main/java/org/apache/kafka/streams/processor/internals/DefaultStateUpdater.java – ignored InterruptedException (lines 880, 958)
 - streams/src/main/java/org/apache/kafka/streams/processor/internals/tasks/DefaultTaskExecutor.java – ignored InterruptedException (lines 120, 269)
 - streams/src/main/java/org/apache/kafka/streams/processor/internals/tasks/DefaultTaskManager.java – ignored InterruptedException (line 149)       
 - streams/src/main/java/org/apache/kafka/streams/processor/internals/TopologyMetadata.java – just logged but ignored exception (line 232)
 - streams/src/main/java/org/apache/kafka/streams/processor/internals/namedtopology/KafkaStreamsNamedTopologyWrapper.java replace ex.printStackTrace() with logger (lines 308, 333)
 - streams/src/main/java/org/apache/kafka/streams/processor/internals/namedtopology/AddNamedTopologyResult.java (line 56) 
 - streams/src/main/java/org/apache/kafka/streams/processor/internals/TaskManager.java – ignore InterruptedException (line 1788)",correctness|threading,streams,Improvement,Resolved,2026-04-04T16:39:11.000+0000,2026-07-15T23:23:41.000+0000
KAFKA-20392,Avoid returning multiple types for a single REST endpoint,"The GET /connectors endpoint can return different types if it's called with or without the expand query parameter. It's generally considered bad practice to return different types on a single endpoint.

We should avoid this type of behavior and instead have a dedicated endpoints.

My assumption is that this endpoint is primarily used without the query parameter so I'd suggest introducing a new endpoint for the expanded output, and deprecating the query parameter on the existing endpoint.",needs-kip,connect,Improvement,Open,2026-04-01T20:45:24.000+0000,2026-04-07T16:43:29.000+0000
KAFKA-20387,Extend RecordHeader API for Common Value Types,"RecordHeader values are raw byte[], requiring manual ByteBuffer conversion at every read and write site. We should consider adding static factories (ofString, ofInt..) and typed accessors (stringValue(), intValue() ...) for the common types used in headers. See [KIP-1308|https://cwiki.apache.org/confluence/display/KAFKA/KIP-1308%3A+Extend+RecordHeader+API+for+Common+Value+Types]",kip,clients,Improvement,Open,2026-03-31T22:39:57.000+0000,2026-05-15T19:28:44.000+0000
KAFKA-20386,SerDe and Interceptor Metrics,"Serialization, deserialization, and interceptor execution have no client-side metrics. Serde regressions and slow interceptors are invisible without ad-hoc instrumentation. Publishing these metrics allows users some signal before diving into broker/client connections. See [KIP-1307|https://cwiki.apache.org/confluence/display/KAFKA/KIP-1307%3A+SerDe+and+Interceptor+Metrics]",kip,clients|consumer|producer ,Improvement,Open,2026-03-31T21:50:08.000+0000,2026-05-15T19:28:51.000+0000
KAFKA-20385,Extend ConsumerRebalanceListener with Consumer-Aware methods,"ConsumerRebalanceListener does not provide access to the Consumer in rebalance callbacks, despite the Javadoc recommending operations that require it. We should consider providing an API with a restricted RebalanceConsumerView that exposes only rebalance-safe operations. See [KIP-1306|https://cwiki.apache.org/confluence/display/KAFKA/KIP-1306%3A+RebalanceHandler%3A+Consumer-Aware+Rebalance+Callback]",kip,clients|consumer,Improvement,Patch Available,2026-03-31T20:42:46.000+0000,2026-09-02T21:05:49.000+0000
KAFKA-20384,Per-Record Context Processing for Kafka Consumers," ConsumerInterceptor operates at batch level. There is no client-level hook for per-record processing lifecycle (span creation, MDC, context propagation). Frameworks and instrumentation libraries have independently built workarounds. It would be good to add a per-record lifecycle hook to fill that gap. See [KIP-1305|https://cwiki.apache.org/confluence/display/KAFKA/KIP-1305%3A+Per-Record+Context+Processing+for+Kafka+Consumers]",kip,clients|consumer,Improvement,Open,2026-03-31T20:39:05.000+0000,2026-06-14T03:19:29.000+0000
KAFKA-20381,Producer Transaction Session Heartbeat,"When a streaming processing engine (Flink, Spark Structured Streaming, Beam, or any custom exactly-once Kafka producer) opens a Kafka transaction and then crashes without recovering, the transaction remains in ONGOING state on the broker. This blocks the Last Stable Offset (LSO) for all read_committed consumers until the broker's transaction.timeout.ms expires.

The current timeout mechanism has a fundamental design flaw: transaction.timeout.ms serves two conflicting purposes:

* Correctness bound — ""abort if this transaction runs longer than X"" (data safety)
* Liveness signal — ""abort if the producer is dead"" (operational safety)
* 
Operators set transaction.timeout.ms high (often 15+ minutes) to accommodate long checkpoint intervals and GC pauses. This means a dead producer can block all downstream consumers for up to 15 minutes.

Things can go worse when streaming engine is responsible to end transaction but crashed: 

{{Phase 1: WRITE
  engine.beginTransaction()
  engine.send(records)       → AddPartitionsToTxn RPC → ONGOING on broker
                               txnStartTimestamp = T0

Phase 2: BARRIER (checkpoint/micro-batch boundary)  
  engine.prepareCommit()     → NO RPC to Kafka (client-side flag only)
                               Kafka broker: still ONGOING, no signal

Phase 3: COMMIT
  engine.commitTransaction() → EndTxn(COMMIT) → broker completes transaction
}}

  [ENGINE CRASH between Phase 1 and Phase 3]
  → No EndTxn ever arrives
  → Broker sees silence, interprets it as... nothing
  → LSO blocked for up to transaction.timeout.ms


After AddPartitionsToTxn is sent and data writing completes, no more RPCs are sent until EndTxn. The broker has no way to distinguish between:

* A healthy producer preparing to commit (checkpoint in progress — could take 5 min)
* A dead producer that will never send EndTxn.

and this situation will block all downstream consumers.",kip,group-coordinator|offset manager|producer ,New Feature,Open,2026-03-31T14:59:00.000+0000,2026-04-01T19:01:10.000+0000
KAFKA-20370,BrokerRegistrationState per-broker metric not registered after snapshot load,"h2. Description

The per-broker {{kafka.controller:type=KafkaController,name=BrokerRegistrationState,broker=X}} metric introduced in KIP-1131 is never exposed via JMX for brokers that are loaded from a metadata snapshot.

h2. Root cause

{{ControllerMetadataMetricsPublisher.publishSnapshot()}} sets the aggregate counts ({{FencedBrokerCount}}, {{ActiveBrokerCount}}, {{ControlledShutdownBrokerCount}}) but never calls {{ControllerMetadataMetrics.addBrokerRegistrationStateMetric()}} for each broker in the snapshot.

The per-broker JMX gauge is only registered in {{ControllerMetricsChanges.handleBrokerChange()}} when {{prev == null}} (brand new broker registration via a log delta). For brokers already present in the snapshot, {{prev}} is always non-null in subsequent deltas, so the gauge is never created. {{setBrokerRegistrationState()}} updates the internal {{ConcurrentHashMap}} but there is no corresponding JMX gauge to report the value.

Since controllers always load from a snapshot on startup (or leadership change), the metric is effectively unavailable for all pre-existing brokers in any real-world deployment.

h2. Steps to reproduce

# Start a KRaft cluster with 3+ brokers and 3 controllers
# On the active controller, query JMX:
{code}
kafka.controller:type=KafkaController,name=BrokerRegistrationState,*
{code}
# No metrics are returned, even though {{ControlledShutdownBrokerCount}} (set in {{publishSnapshot}}) is present

h2. Expected behavior

After loading a snapshot, the active controller should expose {{BrokerRegistrationState,broker=X}} for every registered broker.

h2. Suggested fix

In {{ControllerMetadataMetricsPublisher.publishSnapshot()}}, add per-broker metric registration and state initialization:

{code:java}
private void publishSnapshot(MetadataImage newImage) {
    // ... existing topic count logic ...

    int fencedBrokers = 0;
    int activeBrokers = 0;
    int controlledShutdownBrokers = 0;
    for (BrokerRegistration broker : newImage.cluster().brokers().values()) {
        metrics.addBrokerRegistrationStateMetric(broker.id());       // <-- missing
        metrics.setBrokerRegistrationState(broker.id(), broker);     // <-- missing
        if (broker.fenced()) {
            fencedBrokers++;
        } else {
            activeBrokers++;
        }
        if (broker.inControlledShutdown()) {
            controlledShutdownBrokers++;
        }
    }
    // ... rest unchanged ...
}
{code}

h2. Related

* [KIP-1131: Improved controller-side monitoring of broker states|https://cwiki.apache.org/confluence/display/KAFKA/KIP-1131%3A+Improved+controller-side+monitoring+of+broker+states]
* [KAFKA-18666: Controller-side monitoring for broker shutdown and startup|https://issues.apache.org/jira/browse/KAFKA-18666]
* [PR #19586|https://github.com/apache/kafka/pull/19586]",controller|kraft|metrics,controller,Bug,Open,2026-03-30T02:25:15.000+0000,2026-04-03T13:50:56.000+0000
KAFKA-20367,Support Share Groups (Queue Semantics) in Kafka Connect Sink Connectors,"Introduce Share Group support in Kafka Connect sink tasks via a new WorkerShareSinkTask, enabling queue semantics (record-level distribution, no rebalances) with config-only opt‑in. 

At‑least‑once is default; 
exactly‑once is supported only for same‑cluster Kafka‑to‑Kafka when KIP‑1289 transactional share acknowledgments are available. 

Error handling uses RELEASE for retriable failures and REJECT for fatal failures; when KIP‑1191 is enabled, broker‑side DLQ is the sole DLQ source (Connect does not emit its own DLQ records in Share Group mode).
",queues-for-kafka,connect|consumer|group-coordinator|kip,New Feature,Open,2026-03-28T20:30:02.000+0000,2026-03-28T20:41:13.000+0000
KAFKA-20336,Update docs,,patch-available,documentation|streams,Sub-task,Resolved,2026-03-19T04:02:53.000+0000,2026-06-22T12:16:04.000+0000
KAFKA-20334,Consider to update KStream-KStream join to use plain-value-header-window stores,"When we did KIP-1271 we decided to _not_ add a plain-value-header-window store to keep the number of stores limited, and to not end up with a zoo of too many store types.

However, while working on KIP-1285 we realized that the DSL would actually benefit from such a store. However, we compromised and use the existing value-ts-header-window store now, ""wasting"" 8 bytes per record on the ts field we don't need. This happens for KStream-KStream-joins.

We should consider to fix this.",needs-kip,streams,Improvement,In Progress,2026-03-18T23:44:07.000+0000,2026-03-31T14:44:00.000+0000
KAFKA-20315,Add test for single in-flight poll event logic in async/share consumer,"The async and share consumer send a single poll event to the background when there is a call to consumer.poll. Even though there may be continuous calls to poll (triggered internally from the do-while within consumer.poll, or externally if the app continously calls consumer.poll), the intention is to not generate a new poll event as long as the inflight hasn't completed or expired.

New event created here only:

[https://github.com/apache/kafka/blob/2f2d9b0172ec6bfee6d332ff8b7cd39f2660a964/clients/src/main/java/org/apache/kafka/clients/consumer/internals/AsyncKafkaConsumer.java#L903]

Seems there is no unit test coverage for inflight management, which should be helpful to catch regressions (if by mistake we revert to sending too many poll events). 

Found this test gap while reviewing the changes for ShareConsumer [https://github.com/apache/kafka/pull/21757#pullrequestreview-3954153888]

This is good beginner Jira to get into the new consumer and share consumer threading model",newbie,clients|consumer,Test,Resolved,2026-03-16T14:30:19.000+0000,2026-03-31T06:57:42.000+0000
KAFKA-20313,"Cleanup ""leaking"" internal interface `WindowedSerializer`","Kafka Streams has an internal helper interface `WindowedSerializer`, which the two public classes `TimeWindowedSerializer` and `SessionWindowedSerializer` implement.

This leaks the internal method `serializeBaseKey` into public API. We should try to clean this up.

 ",needs-kip,streams,Improvement,In Progress,2026-03-15T01:41:19.000+0000,2026-04-17T22:02:33.000+0000
KAFKA-20296,Flaky testAsyncConsumerPerPartitionLeadMetricsCleanUpWithSubscribe,"Has been flaky on trunk, failing when it continues to find a metric that is supposed to the removed when preparing fetch requests 

[https://develocity.apache.org/scans/tests?search.rootProjectNames=kafka&search.startTimeMax=1773254924044&search.startTimeMin=1767243600000&search.tags=trunk&search.timeZoneId=America%2FToronto&tests.container=org.apache.kafka.clients.consumer.PlaintextConsumerTest&tests.sortField=FLAKY&tests.test=testAsyncConsumerPerPartitionLeadMetricsCleanUpWithSubscribe()%5B1%5D]

The metric is only removed when sending new fetch requests (on prepareFetchRequests), so wonder if the case if that the test is just waiting for a rebalance (callbacks triggered) before checking the metric is removed. But that awaitRebalance does not guarantee that we sent a new fetch request

 ",flaky-test,clients|consumer,Test,Resolved,2026-03-11T19:11:24.000+0000,2026-03-12T16:16:03.000+0000
KAFKA-20282,Classic consumer log recommendation for next gen Consumer rebalance protocol,"This is the first task for KIP-1274: When KafkaConsumer starts using the Classic rebalance protocol, log a recommendation to inform users about the new Consumer rebalance protocol introduced with KIP-848 (GA in AK 4.0)

The rest of the changes for KIP-1274 will target AK 5.0 and 6.0 (change default protocol, classic deprecation/removal)

As part of this task we should algo check the docs align (will create separate Jira if needed)",kip-848-client-support,clients|consumer,Task,Resolved,2026-03-09T10:57:14.000+0000,2026-04-08T21:55:20.000+0000
KAFKA-20280,DLQ not supported for ProductionExceptionHander on global thread,"We added support for ProcessingExceptionHandler but excluded DLQ support originally, as it required to add a Producer to the global thread.

This ticket is about closing this gap.

KIP-1295: [https://cwiki.apache.org/confluence/pages/viewpage.action?pageId=406622431]",kip,streams,Improvement,In Progress,2026-03-08T00:06:11.000+0000,2026-04-17T22:21:03.000+0000
KAFKA-20278,Refactor and clean the code in HeadersStoreUpgradeIntegrationTest,"                                      
  1. Duplicated StreamsBuilder Setup Pattern                                                  

  2. Similar Process-and-Verify Helper Methods 

  3. Duplicated Verification Logic

  4. Repeated Error Handling Pattern 

  5. Test Parameterization 

  6. Downgrade Test Similarity 

  7. Magic Numbers and Constants 

  8. Processor Classes Duplication 

  9. TestUtils.waitForCondition Wrapper

  10. Setup/Teardown Pattern ",kip,streams,Sub-task,In Progress,2026-03-07T19:06:42.000+0000,2026-09-24T19:52:19.000+0000
KAFKA-20276,API to read data between offsets,"For introspecting a topic/partition it is quite common to
 * Read the last 100 messages
 * Read the first 100 messages
 * Read all messages between offset 100 and 200

This can be done by reading the watermark for the first two use cases or position the consumer to the start offset, keep polling the data and stop the poll once the end offset has been overshot.

But beside of it being complicated, it also comes with downsides.

It is complicated, because an asynchronous polling is needed whereas all the user wants to do is reading a ""file"" from line 100 to 200. An API like `msg[] consumer.read(topicpartition, startoffset, endoffset)`.

 

And it is full of side effects.

What are the last 100 messages? A compaction might have happened and hence the offset list has holes in it, you would need to read offsets 50-200 to get the last 100 messages.

Do you want skip or include tumbstone messages?

Last poll returned offset 199, the next poll(10) waits for the full 10 seconds for more data and then will return just the offset 200 message. Setting the poll size to 1 record comes with downsides also.",needs-kip,clients|consumer,Improvement,In Progress,2026-03-07T08:17:45.000+0000,2026-09-06T21:56:44.000+0000
KAFKA-20274,"GitHub Actions job ""Docker Image CVE Scanner"" fails ","See link https://github.com/apache/kafka/actions/workflows/docker_scan.yml and snapshots below:

 !image-2026-03-07-05-22-33-629.png! 
 !image-2026-03-07-05-25-02-997.png! 
 !image-2026-03-07-05-26-22-216.png! ",CVE|Scanner|cve|docker|github-actions|scanner|scanning|security,docker|security,Bug,Resolved,2026-03-07T04:30:32.000+0000,2026-03-07T09:46:53.000+0000
KAFKA-20249,Optimize rawValue methods across all Deserializers,"Optimize rawValue/{{{}rawAggregationValue{}}} to fast-path the common case of empty headers in headers-aware  state stores, while preserving correct behavior for non-empty headers.
h3. Background

In the current header-aware state store encoding, the value layout is:
 * 1st byte: header-length prefix (or start of varint-encoded header size)

 * Next {{N}} bytes: serialized headers

 * Remaining bytes: aggregation value (payload)

Most state store records are expected to have no headers, so optimizing the empty-headers case reduces overhead in hot paths where we need to extract the raw aggregation value.
h3. Proposed Change

Introduce a specialized implementation of rawValue/{{{}rawAggregationValue. {}}}

```

{{// Fast path for empty headers (most common case)}}

{{          if (valueWithHeaders[0] == 0x00){               }}
{{               // Headers size is 0, just strip first byte               }}
{{               final byte[] result = new byte[valueWithHeaders.length - 1];                       }}{{                     System.arraycopy(valueWithHeaders, 1, result, 0, result.length);               }}
{{               return result;        }}
                      }

{{// Slow path for actual headers }}
{{...}}
```

  Pros:

  - Optimizes the common case (empty headers)

  - ~50% faster for empty headers (no ByteBuffer, simple arraycopy)

  - Still handles non-empty headers correctly",kip,streams,Sub-task,Resolved,2026-03-03T12:53:29.000+0000,2026-03-20T23:17:05.000+0000
KAFKA-20248,Support fields that are not yet supported in StreamsGroup.,"According to KIP-1071, the StreamsGroup protocol is required to support various fields. However, at the client level, this is not fully implemented yet.

For example, as you can see in this code, KIP-1071 specifies that fields such as {{rackId}} should be set when present, but they are not currently included in the client request. {{rackId}} is an important factor in determining the group epoch in the Streams protocol. (https://github.com/apache/kafka/blob/trunk/clients/src/main/java/org/apache/kafka/clients/consumer/internals/StreamsMembershipManager.java#L295-L310)

Although these fields are explicitly defined in the KIP-1071 document, they are not yet included in the actual client request. The goal of this ticket is to support such fields that are defined in KIP-1071 but are still missing from the client request.",kip1071,clients|streams,Task,Resolved,2026-03-03T12:28:43.000+0000,2026-03-06T14:01:50.000+0000
KAFKA-20242,Release notes links are broken in documentation,"Trying to find the release notes for 3.9.1, I first navigated the [release announcement page|https://kafka.apache.org/blog/2025/05/20/apache-kafka-3.9.1-release-announcement/] and followed the [release notes link|https://downloads.apache.org/kafka/3.9.1/RELEASE_NOTES.html] from there. This results in a 404 Not Found response.

I checked _some_ other versions (not all) but found no other release notes missing.",documentation|newbie|site,documentation,Bug,Resolved,2026-03-02T14:11:37.000+0000,2026-03-02T22:22:49.000+0000
KAFKA-20231,KIP-1290: Rack-Aware Minimum In-Sync Replicas,https://cwiki.apache.org/confluence/x/ao48G,need-kip,producer |replication,Improvement,Open,2026-02-26T14:16:03.000+0000,2026-03-06T13:29:30.000+0000
KAFKA-20230,"Allow globalTable to provide an optional KeyValueMapper to materialize an alternative K,V","The DSL method globalTable() now lags behind addGlobalStore's capabilities After KAFKA-7663 was implemented.

*Proposal:*
Allow for an overload of globalTable(...), that accepts an optional KeyValueMapper or Processor to be provided which would override the ProcessorSupplier that is currently provided as a TableSource [here.|https://github.com/apache/kafka/blob/c4631a222fb054e238af445884fb7bbc9be68970/streams/src/main/java/org/apache/kafka/streams/kstream/internals/InternalStreamsBuilder.java#L191C1-L193C123]  I don't have the skill or knowledge of kafka internals well enough to make a suggestion for how to do this.  

 

*Justification:*

Prior to KAFKA-7663, the Processor provided in addGlobalStore was not used during the restore phase, and instead projected the raw topic into memory, leading to failures.  Developers were required to either a separate stream processor to populate a source topic to be used by addGlobalStore. Our teams tried to be clever, and created a two-phase deploy which prevented the primary topology from being created, leaving just a subtopology running to initialize this intermediate topic in order to hydrated the global state store up to ""now"" prior to redeploying with the the primary topology enabled.  This is very ugly, requiring lag monitoring between deploys, and hard to explain to new developers.

Kafka-7663 made it such that the supplied stateless Processor is reliably used not only on initial ingestion, but also on the restore.  This gives the benefit of being able to re-key into a global state store for use in process() steps. 

 ",beginner|kip-1374|newbie,streams,Improvement,In Progress,2026-02-26T13:51:40.000+0000,2026-09-05T04:20:25.000+0000
KAFKA-20199,Evaluate whether BrokerId metrics tag should be renamed to NodeId or split by role,"In KRaft mode, controller-only nodes (process.roles=controller) expose metrics tagged with BrokerId, even though they are not brokers. This is because NodeToControllerChannelManagerImpl passes Map.of(""BrokerId"", String.valueOf(config.brokerId())) as the metrics tag to the Selector, regardless of the node's role.

On broker nodes, this produces metrics such as:
- kafka.server:type=alter-partition-metrics,BrokerId=\{brokerId}
- kafka.server:type=directory-assignments-metrics,BrokerId=\{brokerId}
- kafka.server:type=forwarding-metrics,BrokerId=\{brokerId}
- kafka.server:type=heartbeat-metrics,BrokerId=\{brokerId}

On controller-only nodes, this produces:
- kafka.server:type=registration-metrics,BrokerId=\{nodeId}

Options to consider:
1. Rename the tag to NodeId for all metrics
2. Keep BrokerId for broker metrics and use NodeId or ControllerId for controller metrics

This issue was identified during the discussion of [KIP-1232|https://cwiki.apache.org/confluence/x/Hgp3Fw] (Deprecate broker.id config).",needs-kip,metrics,Improvement,Open,2026-02-19T15:31:20.000+0000,2026-06-19T04:38:32.000+0000
KAFKA-20197,Add headers support to StreamPartitioner,"KIP: [1321|https://cwiki.apache.org/confluence/x/pYwmGQ]
See PR [https://github.com/apache/kafka/pull/21510]

While working on https://issues.apache.org/jira/browse/KAFKA-20173 we realized that `StreamsPartitioner` does not pass headers into the interface.

Because `StreamsPartitioner` is a public interface, we need to do a KIP to close this gap.

*Note:* Headers are not available in lambda implementation. DO NOT CLOSE TICKET, until it's documented",kip,streams,New Feature,Resolved,2026-02-19T13:01:00.000+0000,2026-07-27T20:06:31.000+0000
KAFKA-20196,Deprecate Yammer-based metrics in `GroupCoordinatorMetrics` and add equivalent Kafka Metrics,"Metrics to deprecate:
 * {{NumGroups}}
 * {{NumOffsets}}
 * {{NumGroupsPreparingRebalance}}
 * {{NumGroupsCompletingRebalance}}
 * {{NumGroupsStable}}
 * {{NumGroupsDead}}
 * {{NumGroupsEmpty}}",need-kip,consumer|metrics,Improvement,Resolved,2026-02-19T04:52:52.000+0000,2026-08-11T05:36:24.000+0000
KAFKA-20195,Better offset reset functionality for the new consumer group rebalance protocol,"This ticket tracks the implementation of the improved offset reset functionality for the new consumer group rebalance protocol, as proposed in https://cwiki.apache.org/confluence/display/KAFKA/KIP-1249%3A+Better+offset+reset+for+the+new+consumer+group+rebalance+protocol",kip,core,New Feature,In Progress,2026-02-18T21:34:59.000+0000,2026-02-18T21:35:19.000+0000
KAFKA-20194,DSL Opt-in Support for Header-Aware State Stores,"Allow DSL users to leverage the header-aware stores introduced by KIP-1271: [https://cwiki.apache.org/confluence/display/KAFKA/KIP-1285%3A+DSL+Opt-in+Support+for+Header-Aware+State+Stores]
 ",kip,streams,New Feature,Resolved,2026-02-18T11:16:50.000+0000,2026-08-19T16:58:54.000+0000
KAFKA-20191,Disallow sendOffsetsToTransaction from committing offsets for unassigned partitions,from https://lists.apache.org/thread/4qfg0lox674p3pff77pr9zlp7oo4wy19,need-kip,consumer|core|group-coordinator|producer ,Improvement,Open,2026-02-16T10:55:49.000+0000,2026-03-04T15:50:17.000+0000
